{
    "name": "Mystic Forest",
    "exploreTitle": "Addition",
    "Monsters": [""],
    "MonsterGroups": [
                  {
                      "Monsters": [""]
                  }

                ],
    "Events": ["Rabbit Sightings"],
    "Quests": [""],
    "Adventures": [""],
    "Treasure": [
                {
                    "Common": [""]
                },
                {
                    "Uncommon": [""]
                },
                {
                    "Rare": [""]
                }
              ]
}
