{
    "name": "TeaStirerUseEvent",
    "CardType": "",
    "CardLimit": "0",
    "Description": "",
    "requires": [ ""],
    "Speakers": [
                  {
                    "name": "",
                    "postName": "",
                    "SpeakerType": ""
                  }

                ],
    "EventText": [
                    {
                        "NameOfScene": "UseTeaStirer",
                        "theScene": [  "You hold the strangely phallic shaped object in your hand and it feels... quite spongey... You feel like you could squeeze out the fluid into your mouth...",
                          "Menu",
                            "Squeeze the Tea Stirer into your mouth...",
                            "Put it away... This time...",
                          "EndLoop"
                       ]
                    },
                    {
                      "NameOfScene":"Put it away... This time...",
                      "theScene":["GiveItemQuietly", "1", "Tea Stirer"]
                    },
                    {
                      "NameOfScene":"Squeeze the Tea Stirer into your mouth...",
                      "theScene":["ApplyStatusEffect", "Manticore Spike",
                        "You raise the Tea Stirer above your mouth and squeeze it into your mouth. The immidieate reaction is a far lessened but almost... addicting effect of the tea..."
                      ]
                    }



                ]
}
