{
    "name": "Bunny Bounce",
    "cost": "0",
    "costType": "ep",
    "requiredLevel": "0",
    "learningCost": "0",
    "skillType": "attack",
    "statType": "Power",
    "requiredStat": "0",
    "skillTags": [ "Breasts"],
    "fetishTags": [ "Breasts", "HypnosisAddict"],
    "startsStance": "Breast Smother",
    "requiresStance": "Any",
    "unusableIfStance": [ "Any"],
    "requiresTargetStance": [ "Any"],
    "unusableIfTarget": [ "Penetration", "Face Sit", "Making Out", "Titfuck"],
    "removesStance": "None",
    "requiresStatusEffect": "None",
    "requiresStatusPotency": "0",
    "unusableIfStatusEffect": [ "Sleep"],
    "power": "20",
    "minRange": "90",
    "maxRange": "110",
    "recoil": "20",
    "targetType": "single",
    "statusEffect": "Trance",
    "statusChance": "100",
    "statusDuration": "1",
    "statusPotency": "2",
    "statusResistedBy": "Willpower",
    "statusText": "",
    "descrip": "",
    "outcome": "{AttackerName} bounces back and forth from one foot to another briefly before a coy smile plays across {AttackerHisOrHer} face. {AttackerHeOrShe} leaps forward firmly wrapping {AttackerHisOrHer} arms around your back, pressing your head into {AttackerHisOrHer} soft breasts and hypnotically creamy skin.",
    "miss": "{AttackerName} suddenly leaps towards {TargetName} with {AttackerHisOrHer} arms extending towards {TargetHimOrHer}, but {TargetName} manages to leap out of the way of the surprise hug before it can strike, {AttackerName} lands gracefully, and skids to a halt with a small smile.",
    "statusOutcome": "As {TargetName}'s head is enveloped by {AttackerName}'s creamy bust. As the light plays off of {AttackerHimOrHer} creamy skin now reflecting directly into {TargetHisOrHer} eyes as you see {AttackerHisOrHer} sweat glistening on {AttackerHisOrHer} bust in a mezmerizing dance of color.",
    "statusMiss": "{AttackerName}'s erotic display proves ineffective at entrancing {TargetName}.",
    "restraintStruggle": "",
    "restraintStruggleCharmed": "",
    "restraintEscaped": "",
    "restraintEscapedFail": ""
}
