{
    "name": "Mind Crushing Embrace",
    "cost": "5",
    "costType": "ep",
    "requiredLevel": "0",
    "learningCost": "0",
    "skillType": "attack",
    "statType": "Allure",
    "requiredStat": "0",
    "skillTags": [ "Breasts", "Magic"],
    "fetishTags": [ "HypnosisAddict", "Breasts"],
    "startsStance": "",
    "requiresStance": "Breast Smother",
    "unusableIfStance": [ "Titfuck", "Making Out"],
    "requiresTargetStance": [ "Any"],
    "unusableIfTarget": [ "Titfuck"],
    "removesStance": "None",
    "requiresStatusEffect": "None",
    "requiresStatusPotency": "0",
    "unusableIfStatusEffect": [ "Restrain"],
    "power": "45",
    "minRange": "90",
    "maxRange": "110",
    "recoil": "0",
    "targetType": "single",
    "statusEffect": "Trance",
    "statusChance": "100",
    "statusDuration": "1",
    "statusPotency": "1",
    "statusResistedBy": "Willpower",
    "statusText": "",
    "descrip": "",
    "outcome": "{AttackerName} grabs both of {AttackerHisOrHer} breasts and applies pressure to {TargetName}'s head. {TargetHeOrShe} begins to hear the steady beat of {AttackerName}'s heart rhythmically beating...",
    "miss": "{AttackerName} grabs both of {AttackerHisOrHer} breasts and applies pressure to {TargetName}. In response {TargetName} moans loudly drowning out the sound of {AttackerName}'s heart.'",
    "statusOutcome": "The rhythmic beating of {AttackerName}'s heart becomes all {TargetName} is able to hear as {TargetHeOrShe} begins to relax...",
    "statusMiss": "{TargetName} becomes so entranced by the light reflecting off the breasts of {AttackerName} that {AttackerHisOrHer} heartbeat doesn't seem to register.",
    "restraintStruggle": "",
    "restraintStruggleCharmed": "",
    "restraintEscaped": "",
    "restraintEscapedFail": ""
}
