{
    "name": "Rabbit Sightings",
    "CardType": "Event",
    "CardLimit": "1",
    "Description": "Sightings of a Strange Rabbit Girl have been popping up throughout the Mystic Forest.",
    "requires": [ ""],
    "Speakers": [
                  {
                    "name": "The White Rabbit",
                    "postName": "",
                    "SpeakerType": "Monster"
                  }

                ],
    "EventText": [
                    {
                        "NameOfScene": "EventStart",
                        "theScene": [  "ProgressEqualsOrGreater", "1", "Challenge",
					"As you wander almost aimlessly hunting for treasure through the forest when you notice a strange ticking noise that is rapidly approaching. As quickly as you hear it you are suddenly faced with a very fast Bunny Girl who stops right before you. She appears to be holding a time piece that is ticking away in one hand and seems to be sporting some tiny wings.",
					"DisplayCharacters",
					  "1",
					  "EndLoop",
					"She looks you up and down as a smile spreads across her lips as she clicks the time piece shut and adjusts her cleavage to show a bit more while licking her lips in an almost predatory manner.",
					"Speaks",
					"Well aren't you a tasty little hero! Such a... {i}virile{/i} ♥ smell from you...♥ I am already running late, but for a hero as tasty as you I can live with being far later than expected...♥♥♥",
					"She doesn't wait for a response as she lunges at you.",
					"CombatEncounter",
					"WhiteRabbit",
					"StartCombat"
                                  ]
                    }



                ]
}
