{
    "name": "Charming Kiss Swarm",
    "cost": "0",
    "costType": "ep",
    "requiredLevel": "0",
    "learningCost": "0",
    "skillType": "attack",
    "statType": "Allure",
      "statusEffectScaling": "0",
    "requiredStat": "0",
    "skillTags": [ "Seduction", "Mouth"],
    "fetishTags": [ "Kissing", "Seduction"],
    "startsStance": [""],
    "requiresStance": "Any",
    "unusableIfStance": [ ""],
    "requiresTargetStance": [ "Any"],
    "unusableIfTarget": [ ""],
    "removesStance": ["None"],
    "requiresStatusEffect": "None",
    "requiresStatusPotency": "0",
    "unusableIfStatusEffect": [ "Sleep"],
    "power": "10",
    "minRange": "75",
    "maxRange": "100",
    "recoil": "0",
      "critChance": "0",
      "critDamage": "0",
    "targetType": "single",
      "accuracy": "0",
      "initiative": "0",
    "statusEffect": "Charm",
    "statusChance": "150",
    "statusDuration": "10",
    "statusPotency": "0",
    "statusResistedBy": "Willpower",
    "statusText": "",
    "descrip": "",
    "outcome": "{AttackerName} sensually stares {TargetName} in the eyes as {AttackerHeOrShe} slowly begins to kiss {TargetHisOrHer} face over and over again. Leaving {AttackerHisOrHer} intoxicating saliva and lipstick marks all over {TargetHisOrHer} face.",
    "miss": "{AttackerName} attemtpts to look {TargetName} in the eye, however {TargetHeOrShe} turned away leaving {AttackerHimOrHer} unable to perform...",
    "statusOutcome": "{AttackerName}'s slow flurry of kisses leaves {TargetName} feeling weak in the knees and mildly infatuated with {AttackerHimOrHer}.",
    "statusMiss": "",
    "restraintStruggle": [""],
    "restraintStruggleCharmed": [""],
    "restraintEscaped": [""],
    "restraintEscapedFail": [""]
}
