{
    "name": "Hypnotic Kiss",
    "cost": "0",
    "costType": "ep",
    "requiredLevel": "0",
    "learningCost": "0",
    "skillType": "attack",
    "statType": "Allure",
    "requiredStat": "0",
    "skillTags": [ "Mouth"],
    "fetishTags": [ "Kissing", "HypnosisAddict"],
    "startsStance": "None",
    "requiresStance": "Make Out",
    "unusableIfStance": [ "Blowjob", "Face Sit", "Footjob", "Titfuck"],
    "requiresTargetStance": [ "Any"],
    "unusableIfTarget": [ "Face Sit"],
    "removesStance": "None",
    "requiresStatusEffect": "None",
    "requiresStatusPotency": "0",
    "unusableIfStatusEffect": [ "Sleep"],
    "power": "30",
    "minRange": "90",
    "maxRange": "110",
    "recoil": "0",
    "targetType": "single",
    "statusEffect": "Trance",
    "statusChance": "150",
    "statusDuration": "1",
    "statusPotency": "2",
    "statusResistedBy": "Willpower",
    "statusText": "",
    "descrip": "Kiss your opponent.",
    "outcome": "{AttackerName} forces her arms around {TargetName}'s neck as {AttackerHeOrShe} firmly locking {AttackerHisOrHer} arms around {TargetName}'s neck while {AttackerHeOrShe} deeply kisses {TargetHimOrHer}. Lewdly gazing into {TargetHisOrHer} eyes while {AttackerHisOrHer} tongue slowly circles around {TargetHisOrHer}. {AttackerName} keeps the kiss mind numbingly deep, and {TargetName} can only moan as {AttackerHeOrShe} forces {TargetHimOrHer} to stare deeply into The White Rabbit's eyes as {TargetName} feels their mind begin to dull.",
    "miss": "{AttackerName} keeps {AttackerHisOrHer} arms firmly locked around {TargetName}'s neck while {AttackerHeOrShe} deeply kisses {TargetHimOrHer}, but {TargetName} manages to endure the intense kiss!",
    "statusOutcome": "{AttackerName}'s hypnotic gaze begins to take hold on {TargetName}'s mind...",
    "statusMiss": "",
    "restraintStruggle": "",
    "restraintStruggleCharmed": "",
    "restraintEscaped": "",
    "restraintEscapedFail": ""
}
