{
    "name": "WhiteRabbitCombatEvents",
    "CardType": "",
    "CardLimit": "0",
    "Description": "",
    "requires": [ ""],
    "Speakers": [
                  {
                    "name": "The White Rabbit",
                    "postName": "",
                    "SpeakerType": "Monster"
                  }

                ],
    "EventText": [
      {
        "NameOfScene": "Focused",
        "theScene": [  "SkipPlayerAttack",
          "As you go to distract The White Rabbit, you perform the skill as you were taught. However she remains focused... almost more focused to bend you to her will...",
          "Speaks",
          "Attempting such a cute ability to get away from me won't work {i}my sweet hero{/i}~."
        ]
      },
      {
        "NameOfScene":"BreastNuzzleCounter",
        "theScene":["ApplyStatusEffect",
          "Mind Crushing Embrace",
          "FocusedSpeaksSkill",
          "", "",
          "As you press your head deeper into the cavernous valley between The White Rabbit's breasts you hear a rhythmic sound growing ever louder, slowly encompassing your thoughts...",
          "You begin to hear the rhythmic beating of The White Rabbit's heart. You feel your mind start to go blank as you feel your muscles start to relax..."
        ]
      },
      {
        "NameOfScene":"DrinkMyMilkHero",
        "theScene":["ApplyStatusEffect",
          "SuddenlyBreastMilk",
          "FocusedSpeaksSkill",
          "SwapLineIf", "Random",
           "As you suckle on The White Rabbit's teat, her long drawn out moan reaches its pinacle. Once it does a sweet liquid begins to trickle from her nipple and down your throat. The sweet liquid has your head spinning in an instant as it fills your loins with an aching need...",
           "You suckle on The White Rabbit's nipple for at least a minute as she moans quietly, scratches your back lightly. After a moment a sweet liquid touches your tongue and you feel instant arousal as it travels down your throat...",
           "The White Rabbit presses your face into her breast as you suckle at her teat. A rye smile crosses her face as a sweet creamy liquid flows from her nipple and down your throat. It fills you with arousal and desire...",
          "EndLoop"
                      ]
                    },
                    {
                      "NameOfScene":"MistyCounter",
                      "theScene":["SkipPlayerAttack",
                        "ApplyStatusEffect",
                        "Bunnies Loving Embrace",
                        "ApplyStatusEffect",
                        "Mind Crushing Embrace",
                        "FocusedSpeaksSkill",
                        "SwapLineIf", "Random",
                          "As you blow the magical aphrodisiacs into The White Rabbit's system her eyes widen. She proceeds to press her chest against yours and force you to swallow more of her saliva as you stare into her eyes and your mind begins to empty...",
                          "The flow of saliva from her mouth suddenly doubles pushing your aphrodisiacs back onto you. As you realize this her eyes take up all of you vision as you begin to focus solely on them.",
                        "EndLoop"
                      ]
                    },
                    {
                      "NameOfScene":"ChannelingThrust",
                      "theScene":["SkipPlayerAttack",
                        "HitPlayerWith", "Bunny Hop",
                        "FocusedSpeaksSkill",
                        "SwapLineIf", "Random",
                          "As you begin to channel energy from The White Rabbit you suddenly begin to feel more aroused...",
                          "'Fu fu fu~... I am a demonic bunny girl my sweet hero~. My energy serves to arouse you~.♥'",
                          "You begin to draw energy from The White Rabbit as your cock begins to twitch with need as you realize you arent gaining energy...",
                        "EndLoop"
                      ]
                    },
                    {
                      "NameOfScene":"MakingOut",
                      "theScene":["ApplyStatusEffect",
                        "Bunnies Loving Embrace",
                        "FocusedSpeaks",
                        "SwapLineIf", "Random",
                          "Getting addicted to me, my sweet hero~?♥",
                          "Taste my sweet saliva and become mine~.♥",
                          "Fall for me~.♥",
                        "EndLoop",
                        "ApplyStatusEffect",
                        "Bunnies Loving Embrace"
                      ]
                    },
                    {
                      "NameOfScene":"UpsetAtPat",
                      "theScene":["IfMonsterHasStance",
                        "Sex",
                        "UpsetAtPatSex",
                        "IfMonsterHasStance",
                        "Anal",
                        "UpsetAtPatAnal",
                        "ApplyStatusEffect",
                        "Bunny Hop",
                        "ApplyStatusEffect",
                        "Bunnies Mating Press",
                        "ApplyStance",
                        "Reverse Mating Press",
                        "ApplyStatusEffectToMonster", "Endure",
                        "ApplyStatusEffectToMonster", "Magic Touch",
                        "FocusedSpeaks",
                        "SwapLineIf", "Random",
                          "Tease me like that and you cant expect me to not take what I want from you~.♥",
                          "How can you do something so damn {i}adorable{/i} and not expect me to pin you down and take what I want from you~.♥",
                          "Why.♥ Are.♥ You.♥ So.♥ DAMN!♥ {b}CUTE!{/b}♥",
                        "EndLoop"
                      ]
                    },
                    {
                      "NameOfScene":"UpsetAtPatSex",
                      "theScene":["ApplyStatusEffect",
                        "Bunnies Mating Press",
                        "ClearStanceFromMonsterAndPlayer",
                        "Sex",
                        "ApplyStance", "Reverse Mating Press", "SetAttack", "Charming Kiss Swarm",
                        "ApplyStatusEffectToMonster", "Endure",
                        "ApplyStatusEffectToMonster", "Magic Touch",
                        "FocusedSpeaks",
                        "SwapLineIf", "Random",
                          "'Tease me like that and you cant expect me to not take what I want from you~.♥'",
                          "'How can you do something so damn {i}adorable{/i} and not expect me to pin you down and take what I want from you~.♥'",
                          "'Why.♥ Are.♥ You.♥ So.♥ DAMN!♥ {b}CUTE!{/b}♥'",
                        "EndLoop"
                      ]
                    },
                    {
                      "NameOfScene":"UpsetAtPatAnal",
                      "theScene":["ClearStanceFromMonsterAndPlayer", "Anal",
                        "FocusedSpeaksSkill",
                        "SwapLineIf", "Random",
                          "Suddenly The White Rabbit shifts her weight for a brief moment. Less than a second later she bounces off your cock and spins to face you once more.",
                          "The White Rabbit forcfully removes your cock from her tight, muscular ass as she turns on a heel and glares you down.",
                          "You feel The White Rabbits ass relax a bit as she suddenly launches forward off your cock. She slaps her ass and rubs it muttering profanities as she turns and faces you.",
                        "EndLoop",
                        "FocusedSpeaksSkill",
                        "SwapLineIf", "Random",
                          "You watch as she places a hand on your chest, concealing the fact that she placed one of her legs behind yours. She pushes you backwards and trips you sending you to the ground as she proceeds to grab your ankles. She raises your legs above your head and stick your full length deep into her wet slit.",
                          "As soon as you meet her gaze she is on top of you, litterally. You are on the ground as she lifts your legs above your head and sinks your full length into her dripping sex.",
                          "You establish eye contact with The White Rabbit as her deep red eyes begin to glow. She sensually struts up to you, placing a finger on your chest and slowly tracing down to your cock. She then brings it back up, keeping eye contact with you the whole time as the finger makes its way up to your chin.|n|Suddenly you feel lightheaded as you feel yourself fall to the ground. The White Rabbit grasps your ankles and raises them above your head as she mounts your cock shoving it deep within her tight, dripping slit.",
                        "EndLoop",
                        "ApplyStance", "Reverse Mating Press", "SetAttack", "Charming Kiss Swarm",
                        "ApplyStatusEffect",
                        "Bunnies Mating Press",
                        "FocusedSpeaks",
                        "SwapLineIf", "Random",
                          "'Doing something so {i}cute{/i} drives my mating instincts CRAZY♥ and fucking my ass {i}pisses. Me. OFF.{/i} Now cum inside me while I break you to be my breeding toy until my instincts calm down.'",
                          "'After a display like that I don't think even the queen would be able to resist pinning you down and taking your semen by {i}force~{/i}.♥'",
                          "'Lie still and let me take you my cute little Adventurer. Let me take what I desire from you. Let me take your semen {i}hero{/i} and i guarentee you will be {i}my hero{/i}.'",
                        "EndLoop"
                      ]
                    },
                    {
                      "NameOfScene":"AphrodisiacCounter",
                      "theScene":["SkipPlayerAttack",
                        "FocusedSpeaksSkill",
                        "SwapLineIf", "Random",
                          "As you move to spread your arousal inducing mist to The White Rabbit. She meets you half way with a mist of her own sending a wave of arousal through your body.",
                          "You take a break before sending your mist forward only to breathe in a mist from The White Rabbit. The mist smells and tastes sweet and sends a shudder through your entire body.",
                          "The instant before you spray your mist you get sprayed with a mist from The White Rabbit, which rocks your whole body in ecstasy for a brief moment.",
                        "EndLoop",
                        "ApplyStatusEffect",
                        "Erotic Mist"
                      ]
                    },
                    {
                      "NameOfScene":"PlayerSexOrgasm",
                      "theScene":["FocusedSpeaksSkill",
                        "SwapLineIf", "Random",
                          "You continue thrusting as you feel an orgasm approaching and you realease as you hilt yourself in  White Rabbit's pussy and her eyes light up as she says, 'Thats right give it all to me my sweet hero ♥ and shoot it nice and deep inside me~♥.' Her pussy seems to almost suck the semen from your cock. You feel your balls drain deep inside her.",
                          "With every thrust into The White Rabbits pussy you watch her breasts bounce. With everysingle thrust you see her hypnotic breasts bouncing... bouncing... bouncing... before you know it you have released another thick load into the vice that is her pussy.",
                          "The White Rabbit has her arms wrapped around your neck as she stares you in the eyes. You mindlessly thrust into her pussy while you {i}happily{/i} sercive her as every single thought disappears from your head.|n|Your swift approaching orgasm begins to come closer and closer as your brain becomes emptier and emptier. As your brain empties totally your balls empty into her pussy.",
                        "EndLoop"
                      ]
                    },
                    {
                      "NameOfScene":"PlayerRMPOrgasm",
                      "theScene":["FocusedSpeaksSkill",
                        "SwapLineIf", "Random",
                          "In your submissive stance you are forced to maintain sensual eye contact with The White Rabbit as she rides your cock. You feel her sweat falling onto your face as she pounds you relentlessly forcing your length in and out of her wet pussy. Your cock begins to twitch as you feel a long needed orgasm approaching.|n|It is clear that the white rabbit feels this too as she leans in and plants a sensual kiss on your lips. As she does this she also hilts the length of your manhood within her warm slit leading you to release a thick creamy load as deep as she desires. She breaks the kiss as you release a submissive moan of ecstasy.",
                          "Your legs and your cock both ache in this position. It feels unnatural to you, but at the same time all the more arousing. Such a divine being taking you in such a way has you excited as The White Rabbit fucks you senseless. You feel your head swimming trying to find a way to escape as beads of sweat fall from The White Rabbit onto your face.|n|You feel a surge of arousal as her pussy rapidly tightens almost sucking on your cock. You feel as though her pussy is giving you a blowjob as you groan from the intense pleasure and euphoria granted to you by The White Rabbit. She presses her breasts against you and whispers, 'Cum and be mine.' Into your ear driving you over the edge and unleashing into her pussy.",
                          "Your mind is empty as you only feel arousal. The aphrodisiacs flowing through your system did away with the pain and only supplied pleasure now. The White Rabbit continues to pound you as you feel her bust bouncing against your chest.|n|You moan from the sheer ecstasy of having a woman of her caliber fucking you so ferociously as she reaches down a hand and squeezes your balls. This sends a shot of white hot pleasure to your brain. You feel her hand begin to massage your balls expertly as she coaxes your balls until they empty into her waiting pussy.",
                        "EndLoop"
                      ]
                    },
                    {
                      "NameOfScene":"RevMatPreEscape",
                      "theScene":["ClearStanceFromMonsterAndPlayer", "Reverse Mating Press",
                        "FocusedSpeaksSkill",
                        "SwapLineIf", "Random",
                          "You are able to position yourself so that you manage to pry The White Rabbit's arms off your ankles and reassert your dominance over her. You stand and prepare to ravage the naughty demonic bunny girl.",
                          "You pry The White Rabbit's hands off your ankles and lift her off you with ease. Much to her surprise as you then suddenly impale her on your still VERY erect length, producing a long drawn out moan from her.",
                          "You manage to wriggle out of The White Rabbit's grasp enough to reposition yourself under her to gain enough leverage to continue fighting back.",
                        "EndLoop",
                        "ApplyStance",
                        "Sex"
                      ]
                    },
                    {
                     "NameOfScene":"SenGriRevMatPre",
                     "theScene":["Your brain begins to swim with submissive pleasure as The White Rabbit sensually grinds your hips together. The more she grinds the better it feels and the more you consider submitting to her...",
                       "StatCheck",
                         "ChangeStatCheckDifficulty", "IfFetishLevelEqualOrGreater", "Sex", "50", "3",
                         "ChangeStatCheckDifficulty", "IfFetishLevelEqualOrGreater", "Sex", "75", "4",
                         "ChangeStatCheckDifficulty", "IfFetishLevelEqualOrGreater", "Sex", "100", "5",
                         "ChangeStatCheckDifficulty", "IfPlayerHasStatusEffect", "Charm", "3",
                         "ChangeStatCheckDifficulty", "IfPlayerHasStatusEffect", "Trance", "5",
                         "Temptation",
                         "15",
                         "RMBRMPMenu",
                         "Fail",
                         "Submit..."
                     ]
                   },
                   {
                     "NameOfScene":"RMBRMPMenu",
                     "theScene":["Menu",
                                   "Submit...",
                                   "Resist!",
                                 "EndLoop"
                     ]
                   },
                   {
                     "NameOfScene":"Submit...",
                     "theScene":[
                       "you become her breeding toy until such a time as her mating instincts have subsided. AKA next week as she DRAGS YOU TO HER HOME only to tie you in that position and continuously fuck you.",
                       "This is gonna be fully written out and fleshed out after Wonderland is in full swing this is just a tease for you other subs out there ;P",
                       "GameOver"
                     ]
                   },
                   {
                     "NameOfScene":"Resist!",
                     "theScene":[
                       "The thought to submit to this temptress briefly fills your thoughs. However you manage to push those thoughts aside and gather enough strength to resist the temptation.",
                       "FocusedSpeaks",
                       "SwapLineIf", "Random",
                         "You seem to be more in control than I thought... Let me just fix that~.♥",
                         "Wouldn't it be so nice to just lay back and become mine~?♥",
                         "Just let everything go my sweet hero~.♥ Let my titties and my kisses empty your mind and fill you with lust to the point where you can't resist anymore~.♥♥♥",
                       "EndLoop"
                     ]
                   },
                    {
                      "NameOfScene":"RabMatBou",
                      "theScene":[
                        "FocusedSpeaks",
                        "SwapLineIf", "Random",
                          "You like that my sweet hero~? You like the way this bunny girl bounces up and down on your dick~?♥",
                          "Heheh~ How much more of this can you take my sweet hero~?♥",
                          "Just lay there and enjoy me riding you, my sweet hero~.♥",
                        "EndLoop"
                      ]
                    },
                    {
                      "NameOfScene":"WatchDrop",
                      "theScene":["IfHasItem", "StrangeWatch", "...",
                        "As The White Rabbit begins to fade away her time piece falls to the ground...",
                        "GiveItemQuietly", "1", "Strange Watch",
                        "You take the Strange Watch and place it in your pocket for later..."
                      ]
                    },
                    {
                      "NameOfScene": "...",
                      "theScene":["The White Rabbit continues to moan about 'Her sweet hero~...' as she fades away..."]
                    }
                ]
}
