{
    "name": "Hatter",
    "IDname": "Hatter",
    "species": "Majin Matango",
    "gender": "female",
    "description": "A woman wearing what appears to be a large hat and a rather dapper waist coat. She carries a cup of tea on a saucer with her as she walks. Her hair appears to be a combination of half white and half purple. Her eyes are ruby gems that shine with the sun. She appears to be growing some kind of mushrooms on her clothing...",
    "encyclopedia": "WARNING: These monster girls are from a very dangerous area which happens to be the bane of many adventurers. They come from a place known only as 'Wonderland' and all we have been able to gather from repeated expeditions is that it is perpetually fogged by pockets of an aphrodisiac mist. Similarly to that it has a alarming number of dangerous flora. In this case the Hatter happens to be a specific varient of the Matango that is the result of a rare parasitic fungus taking root in a human female, or presumably the fungus has taken a long enough time to grow into a Hatter. This is where the strange 'hat' of the Hatter's comes in as it appears to be a mushroom. This mushroom continuously produces spores that flood the host's mind with lust and thoughts of sex with men. They consume black tea and men's spiritual energy, while also being noted to be able to consume normal human food. While the tea may look like its normal black tea it appears to be some type of tea steeped in aphrodisiac. Causing a intense wave of arousal through anyone who consumes it. Hatters have occasionally wandered out of Wonderland into the world. Everything they have been noted in saying has been incredibly perverted in nature. While that may be the case they have been seen to be incredibly fast learners and tend to leave all but experienced adventurers a quivering mess. It can be gathered that Hatter's are extremely intelligent, even while taking their extreme perversion into account. While they may be extremely perverted reports also state that they seem to be quite mad, to the point where it almost seems natrual and it may be easy to forget that it is a side effect of the parasitic mushrooms residing within them. That being said every encounter with a Hatter that adventerurs have reported back on has described them as being extremely elegant in their movements and actions. Be very aware of two things when fighting a Hatter, do not let her get near you, and under absolutely no circumstances do you ever accept a sip of her tea if offered.",
    "tags": "Wonderland",
    "generic": "True",
    "requires": [ ""],
    "skillList": [
      "Entrancing Spores",
      "Elegant Invitation",
      "Tighten",
      "Sensual Gyration",
      "Paralysis Spores",
      "Lecherous Kiss",
      "Lecherous Spore Cloud",
      "Sensitivity Spores",
      "Electrify Member",
      "Handjob"
    ],
    "perks": [
      "Semen Frenzy",
      "Anal Adverse",
      "Energy Drainer",
      "Alluring",
      "Undeniable Pleasure",
      "Monster Pacing",
      "Arcane Adept"
    ],
    "stats": { "lvl": "40",
              "Exp": "550",
              "max_hp": "750",
              "max_ep": "20",
              "max_sp": "1",
              "Power": "15",
              "Technique": "15",
              "Intelligence": "50",
              "Allure": "35",
              "Willpower": "25",
              "Luck": "15"
    },
    "Fetishes": [ ""],
    "BodySensitivity": { "Sex": "25",
              "Ass": "125",
              "Breasts": "100",
              "Mouth": "75",
              "Seduction": "150",
              "Magic": "25",
              "Pain": "50",
              "Holy": "100",
              "Unholy": "100"
    },
    "resistancesStatusEffects": {
              "Stun": "-25",
              "Charm": "85",
              "Aphrodisiac": "9999",
              "Restraints": "0",
              "Sleep": "150",
              "Trance": "0",
              "Paralysis": "150",
              "Debuff": "0"
    },
    "moneyDropped": "1250",
    "ItemDropList": [
                      {
                        "name": "Tea Stirrer",
                        "dropChance": "85"
                      }
                    ],
    "lossScenes": [
                    {
                        "NameOfScene": "",
                        "move": "",
                        "stance": "",
                        "includes": [ ""],
                        "theScene": [ ""
                                  ],
                        "picture": ""
                    }
                  ],
    "combatDialogue": [
                        {
                          "lineTrigger": "UsesMove",
                          "move": "Entrancing Spores",
                          "theText":[
                              "'Lose yourself to my spores~.♥'",
                              "'Let me take control~.'",
                              "'Give in and give me your cum adventurer~.♥'"
                          ]
                        },
                        {
                          "lineTrigger": "UsesMove",
                          "move": "Elegant Invitation",
                          "theText":[
                              "'Take me adventurer~.♥'",
                              "'I am all yours hero~.♥'",
                              "'Do with me as you will~.♥'"
                          ]
                        },
                        {
                          "lineTrigger":"UsesMove",
                          "move":"Tighten",
                          "theText":[
                              "'Give in to the pleasure of my body~.♥'",
                              "'Lose yourself to pleasure human~.♥'",
                              "'Fertilize me... As deeply as you want~.♥♥♥'"
                          ]
                        },
                        {
                          "lineTrigger":"UsesMove",
                          "move":"Sensual Gyration",
                          "theText":[
                              "'Give me what I desire and I can please you better than any human woman ever could~.♥'",
                              "'Let me pleasure you like no human ever could~...♥'",
                              "'I can take everything you give me and then some hero~.♥'"
                          ]
                        },
                        {
                          "lineTrigger":"UsesMove",
                          "move":"Paralysis Spores",
                          "theText":[
                              "'If you won't give in then I will just paralyze you.'",
                              "'I can just take what I want from you, just like this, if you don't give it to me willingly.'",
                              "'Let my spores take effect hero.'"
                          ]
                        },
                        {
                          "lineTrigger":"UsesMove",
                          "move":"Lecherous Kiss",
                          "theText":[
                              "'Fertilize me~...♥'",
                              "'Learn to love me~.♥'",
                              "'Fall for me~.♥'"
                          ]
                        },
                        {
                          "lineTrigger":"UsesMove",
                          "move":"Lecherous Spores",
                          "theText":[
                              "'Come to me adventurer~.'",
                              "'Get over here~.'",
                              "'Give in to me~.'"
                          ]
                        },
                        {
                          "lineTrigger":"UsesMove",
                          "move":"Sensitivity Spores",
                          "theText":[
                              "'Lay back and let me drive you crazy~.'",
                              "'Just give in to pleasure~.'",
                              "'I can bring you so much pleasure~.'"
                          ]
                        },
                        {
                          "lineTrigger":"UsesMove",
                          "move":"Electrify Member",
                          "theText":[
                              "'Lose yourself inside my pussy~.'",
                              "'Feel my magic slit~.'",
                              "'Let my magic drive you mad~.'"
                          ]
                        },
                        {
                            "lineTrigger": "HitWith",
                            "move": "Caress",
                            "theText": [
                                "'How cute~.♥'",
                                "'Just give in and I will rock your world~.♥'",
                                "'Let me have you~.♥'"
                          ]
                        },
                        {
                          "lineTrigger":"HitWith",
                          "move":"Penetrate",
                          "theText":[
                              "'Thats right hero, come to me~.♥'",
                              "'Ahn~!♥ Good hero~, sheathe your mighty 'sword' into my willing sheathe~.♥'",
                              "'Good hero~. Now lose yourself in the pleasure of my body~.♥♥♥'"
                          ]
                        },
                        {
                          "lineTrigger":"HitWith",
                          "move":["Thrust", "Multi Thrust"],
                          "theText":["|f|CallCombatEventAndScene|/|HatterCombatEvents|/|Thrust|n|"]
                        },
                        {
                          "lineTrigger":"HitWith",
                          "move":["Dildo", "Finger"],
                          "theText":[
                              "'You naughty tease~.♥'",
                              "'You better replace that with your cock now~.♥'",
                              "'Keep that up and I just may take what I want.♥♥♥'"
                          ]
                        },
                        {
                          "lineTrigger":"AutoCounter",
                          "move":["Empowered Thrust", "Magical Binding", "Arouse", "Arousara", "Arousero", "Electrify", "Teleport", "Sleep", "Magical Bind", "Sensitize", "Enfeeble"],
                          "theText":["|f|CallCombatEventAndScene|/|HatterCombatEvents|/|MagicCounter|n|"]
                        },
                        {
                          "lineTrigger":"HitWith",
                          "move":"Pound",
                          "theText":["|f|CallCombatEventAndScene|/|HatterCombatEvents|/|Pound|n|"]
                        },
                        {
                          "lineTrigger":"HitWith",
                          "move":"Tantric Thrust",
                          "theText":["|f|CallCombatEventAndScene|/|HatterCombatEvents|/|TanThrust|n|"]
                        },
                        {
                          "lineTrigger":"HitWith",
                          "move":"Passionate Lovemaking",
                          "theText":["|f|CallCombatEventAndScene|/|HatterCombatEvents|/|PassLove"]
                        },
                        {
                          "lineTrigger":"HitWith",
                          "move":"Anal Piston",
                          "theText":["|f|CallCombatEventAndScene|/|HatterCombatEvents|/|AnalPiston|n|"]
                        },
                        {
                          "lineTrigger":"HitWith",
                          "move":"Carrying Fuck",
                          "theText":[
                            "|f|CallCombatEventAndScene|/|HatterCombatEvents|/|CarryFuck|n|"
                          ]
                        },
                        {
                          "lineTrigger":"HitWith",
                          "move":["Charm", "Charm Wave"],
                          "theText":[
                              "'Romantic~, using magic to make me infatuated with you~.'",
                              "'How cute~, making me fall for you with magic~.♥'",
                              "'Are you so desperate for me to love you hero~?♥'"
                          ]
                        },
                        {
                          "lineTrigger":"HitWith",
                          "move":["Pin", "Bondage Net"],
                          "theText":[
                              "'Oh no~! I am completely helpless below a big strong adventurer~.♥'",
                              "'Please Mr. Adventurer don't fuck my pussy senseless~.♥'",
                              "'Please Sir Hero♥ I can't get pregnant~.♥ Please don't fuck my pussy and fill me to the brim~.♥♥♥'"
                          ]
                        },
                        {
                          "lineTrigger":"AutoCounter",
                          "move":["Lewd Bottle", "Misty Kiss", "Cloying Mist", "Placebo Pheromone"],
                          "theText":["|f|CallCombatEventAndScene|/|HatterCombatEvents|/|AphrodisiacCounter|n|"]
                        },
                        {
                          "lineTrigger":"HitWith",
                          "move":["Grope Ass", "Squeeze Ass", "Massage Ass", "Fondle Ass"],
                          "theText":[
                              "'P-please be careful...'",
                              "'N-not my ass hero.'",
                              "'I-I would prefer if you didnt...'"
                          ]
                        },
                        {
                          "lineTrigger":"HitWith",
                          "move":["Favor's Misfortune", "Disarming Appeal"],
                          "theText":[
                              "'Can't handle me without weakening me huh~?'",
                              "'Are you admitting I am too strong for you~?'",
                              "'Why don't you just give in to me, if you need to weaken me huh?'"
                          ]
                        },
                        {
                          "lineTrigger":"HitWith",
                          "move":["Breast Caress"],
                          "theText":[
                              "'Like them hero~?'",
                              "'Maybe you could do more~...'",
                              "'Play with my breasts all you want~.♥'"
                          ]
                        },
                        {
                          "lineTrigger":"HitWith",
                          "move":"Spank",
                          "theText":[
                              "'AH! Not so hard!'",
                              "'OW! a bit lighter maybe.'",
                              "'Not so rough please!'"
                          ]
                        },
                        {
                          "lineTrigger":"AutoCounter",
                          "move":"Holy Headpat",
                          "theText":["|f|CallCombatEventAndScene|/|HatterCombatEvents|/|HeadpatCounter|n|"]
                        },
                        {
                          "lineTrigger":"HitWith",
                          "move":"Suckle",
                          "theText":[
                              "'Yes hero~, suckle at my teat~.♥'",
                              "'Bring me pleasure and I can bring you all the pleasure you desire~.'",
                              "'Stay with me hero and I can bring you so much pleasure~.'"
                          ]
                        },
                        {
                          "lineTrigger":"HitWith",
                          "move":"Anal Penetration",
                          "theText":[
                              "'Please not in my ass!'",
                              "'Not in my ass, please!!'",
                              "'Take it out I beg you!'"
                          ]
                        },
                        {
                          "lineTrigger":"HitWith",
                          "move":"Pinch Nipples",
                          "theText":[
                            "'Mmmmm~ just like that adventurer~.♥♥♥'",
                            "'Ravish me hero~.♥'",
                            "'Ahn!♥ Pinch harder~.♥♥♥'"
                          ]
                        },
                        {
                          "lineTrigger":"HitWith",
                          "move":["Breast Knead", "Breast Fondle", "Breast Massage"],
                          "theText":[
                            "'Ah~ I really like your hands on my breasts~.♥'",
                            "'Do you really like my breasts hero~.♥'",
                            "'Oh~ keep going adventurer~.♥'"
                          ]
                        },
                        {
                          "lineTrigger":"HitWith",
                          "move":["Seduce", "Mass Seduction", "Enamor", "Smoldering Flaunt", "Smoldering Seduction"],
                          "theText":[
                            "'Do you promise~?♥'",
                            "'Why just tease me with words?♥'",
                            "'You are getting me so wet~.♥'"
                          ]
                        },
                        {
                          "lineTrigger":"HitWith",
                          "move":["Massaging Seduction", "Ear Tease"],
                          "theText":[
                            "You feel a shiver of anticipation run through the Hatters Body. 'O-Oh~.♥♥♥'",
                            "The Hatter shudders with anticipation. 'Keep going hero~.♥'",
                            "You see the Hatter's pussy getting visibly wetter. 'Ravish me hero~.♥'"
                          ]
                        },
                        {
                          "lineTrigger":"HitWith",
                          "move":"Kiss",
                          "theText":[
                            "Your lips meet the Hatters as she giggles.♥",
                            "She holds you in the kiss for a moment longer than you expected as she strokes the back of your head briefly.",
                            "She places her hands on your ass and squeezes lightly.",
                            "'Chu♥... Chu♥...'"
                          ]
                        },
                        {
                          "lineTrigger":"HitWith",
                          "move":"Make Out",
                          "theText":[
                            "The Hatter giggles wrapping her arms around your neck. 'I will make sure you can't get enough of me~.♥'",
                            "She presses her body against you and somewhat tightly wraps her arms around your body. 'I will drive you crazy~.♥'",
                            "She giggles a bit and begins to run her fingers through your hair. 'Romantic~...♥'"
                          ]
                        },
                        {
                          "lineTrigger":"HitWith",
                          "move":["Deep Kiss", "Lovingly Rough Kiss", "Sensually Seductive Kiss", "Skillfully Passionate Kiss"],
                          "theText":[
                            "'Ooohh~ I like this~.♥'",
                            "'Maybe I should make you my mate~.♥'",
                            "'S-such passion for me~, do you really like me this much~?♥'"
                          ]
                        },
                        {
                          "lineTrigger":"HitWIth",
                          "move":"Distract",
                          "theText":[
                            "'No fair!'",
                            "'Bring that cock back here!'",
                            "'Come back hero~.'"
                          ]
                        },
                        {
                          "lineTrigger":"HitWith",
                          "move":["Whip"],
                          "theText":[
                            "'AH!♥ N-not so hard!'",
                            "'Ahn!♥ I've been naughty Mr. Hero~ please punish me more~.♥'",
                            "'Maybe my spores should melt your mind a bit more huh~?♥♥♥'"
                          ]
                        },
                        {
                          "lineTrigger":"HitWith",
                          "move":["Demon Layer"],
                          "theText":[
                            "'What the hell was that???'",
                            "'Kindly don't do that again if you don't mind.'",
                            "'What is that and why does it feel so good!?!?'"
                          ]
                        },
                        {
                          "lineTrigger":"StanceStruggle",
                          "move":"Making Out",
                          "theText":[
                            "{ThePlayerName} tries to pull away from the enchanting kiss with the Hatter..."
                          ]
                        },
                        {
                          "lineTrigger":"StanceStruggle",
                          "move":"Anal",
                          "theText":[
                            "{ThePlayerName} tries to pull his cock out of the fleshy ass of the Hatter..."
                          ]
                        },
                        {
                          "lineTrigger":"StanceStruggle",
                          "move":"Sex",
                          "theText":[
                            "{ThePlayerName} attempts to pull away from the loving embrace of the Hatter..."
                          ]
                        },
                        {
                          "lineTrigger":"StanceStruggleFail",
                          "move":"Making Out",
                          "theText":[
                            "and fails to pull away from the loving embrace..."
                          ]
                        },
                        {
                          "lineTrigger":"StanceStruggleFail",
                          "move":"Sex",
                          "theText":[
                            "and fails to remove his cock from her receptive slit as she wraps her legs around you.",
                            "and fails as she wraps her arms around you pressing her chest into you.",
                            "and fails as you find yourself unable to deny the pleasure that her heavinly pussy provides."
                          ]
                        },
                        {
                          "lineTrigger":"StanceStruggleFail",
                          "move":"Anal",
                          "theText":[
                            "and fails to pull his cock out of her fleshy ass..."
                          ]
                        },
                        {
                          "lineTrigger":"StanceStruggleFree",
                          "move":"Making Out",
                          "theText":[
                            "and finds the ability to pry his lips away from her's and manages to removes her arms from around your neck."
                          ]
                        },
                        {
                          "lineTrigger":"StanceStruggleFree",
                          "move":"Sex",
                          "theText":[
                            "and succeeds in removing his cock from her receptive pussy..."
                          ]
                        },
                        {
                          "lineTrigger":"StanceStruggleFree",
                          "move":"Anal",
                          "theText":[
                            "Her whole body relaxes as you remove your cock from her ass."
                          ]
                        },
                        {
                          "lineTrigger":"StanceStruggleComment",
                          "move":"Making Out",
                          "theText":[
                            "Just let my spores do their work and give in to me adventurer~.♥♥♥",
                            "Stop struggling hero and let me drive all thoughts from your mind...♥♥♥",
                            "Submit to me and my spores~.♥"
                          ]
                        },
                        {
                          "lineTrigger":"StanceStruggleComment",
                          "move":"Sex",
                          "theText":[
                            "Learn to love my body adventurer~.♥",
                            "Why would you try to resist my love hero~?♥",
                            "Just relax and cum inside me hero~.♥"
                          ]
                        },
                        {
                          "lineTrigger":"StanceStruggleComment",
                          "move":"Anal",
                          "theText":[
                            "Just take it out already!",
                            "Are you serious?!?!",
                            "Whats the hold up? Just pull it out!"
                          ]
                        },
                        {
                          "lineTrigger":"StanceStruggleFreeComment",
                          "move":"Sex",
                          "theText":[
                            "Aw~, well I guess my spores will have to bring you back to me~.♥♥♥",
                            "Maybe a dose of my spores will get you to put that cock back where it belongs~.♥♥♥",
                            "Don't make me use my spores hero~.♥♥♥"
                          ]
                        },
                        {
                            "lineTrigger": "LowHealth",
                            "move": "",
                            "theText": [ "'I was supposed to be winning!'",
                              "'Why won't you submit to me!'",
                              "'How can this be?'"
                            ]
                        },
                        {
                            "lineTrigger": "PlayerLowHealth",
                            "move": "",
                            "theText": [ "'Thats right hero~,♥ submit to me and this will be your everyday from here on out...♥♥♥'",
                              "'Thats right hero~,♥ give in to me...♥♥♥'",
                              "'Give me everything you have and we can be together~...♥♥♥'"
                            ]
                        },
                        {
                            "lineTrigger": "OnPlayerOrgasm",
                            "move": "Sex",
                            "theText": [ "You feel your orgasm drawing near as your thrusts meet in intensity. As this happens you feel your pleasure reach a peak as you climax thrusting fully into the Hatter. She moans loudly and lightly digs her nails into your back. As your climax fades you hear her whisper into your ear, 'How would you like me to milk you like this everyday hero~?♥♥♥'",
                              "'Cum inside me hero~.♥♥♥' You find yourself entirely unable to resist releasing a full load deep inside her as you hilt yourself inside her. She places a hand on the back of your head pulling it into her shoulder and pulls your hair. As she feels her pussy filling with your semen she slowly weakens her grip on your hair and begins to catch her breath.",
                              "You begin to thrust mindlessly as the pleasure of the Hatters pussy begins to feel undeniably good. You bring yourself to a mind numbing climax as she whispers sweet, sensual nothings into your ear causing your cock to twitch once more with need."
                                      ]
                        },
                        {
                          "lineTrigger":"OnPlayerOrgasm",
                          "move":"Anal",
                          "theText":["You feel the Hatter struggle beneath your grip as you fuck her ass relentlessly. Her squirming drives your lust and orgasm forward. You bring yourself to a divine orgasm as you hilt your cock into her ass. She manages to say as you climax, 'N-Noo pleashe not my ass it makesh me feel shooo~♥♥♥ weird...♥♥♥'",
                            "You feel your cock stretching her asshole as you thrust your cock in and out. You feel her struggle attempting to escape from your grip, however this drives you forward fully thrusting into her tight ass. As you feel your ballsack hit her dripping pussy you release a gushing orgasm into her tight ass.",
                            "The Hatter struggles to escape your grip and reposition. However as she does so, she unknowingly drives your orgasm forward. As you bury your cock into her ass she moans loudly feeling your cock twitch in her tight hole. You feel has ass tighten as she does this and as you try to pullout you feel her ass milk you dry on the way out."
                          ]
                        },
                        {
                          "lineTrigger":"OnPlayerOrgasm",
                          "move":"",
                          "theText":["You feel your cock begin to twitch from the stimulation of the Hatter. She clearly feels it to as she increases the stimulation and then whispers into your ear, 'Cum for me hero~.♥♥♥' You find yourself unable to resist her as she places her tea cup to catch your semen. You feel the soft cool porcelain touch the bottom side of the head of your cock as your climax rushes forth.|n|You cum into her cup as she bites her lower lip expectently. You begin to shudder as your climax reaches its end, and she wrings the last drops of semen from your cock. After she gets it all she raises the tea cup to her lips and drinks it all in one gulp. You shudder for a moment as you watch her drink your semen and she blushes deeply, gasping seductively as she lowers the cup. 'Give me more~.♥♥♥'",
                            "Your cock twitches from the stimulation of the Hatter as she kisses you on the lips. As she does she opens her mouth into your recieving mouth and breathes a cloud of spores into your mouth. The spores empty your brain for only a moment as you embrace the pleasure and cum into her waiting hand. She breaks the kiss, takes a cookie from the table and covers the cookie in your semen.|n|She maintains eye contact with you as she seductively eats the cookie in one bite while blushing deeply. Her body trembles as her pussy gets wetter and she seems to almost orgasm from the mere taste of your semen. She gasps lightly and opens her mouth. She proceeds to seductively lick her lips as she looks you deep in the eyes and whispers, 'Now for the rest~.♥♥♥'",
                            "She licks her lips as she notices your cock begin to twitch. She cups her hands on the head of your cock as she plants light kisses all over your face. The kisses drive you to heaven as she continues to drive you to the edge. As you feel climax approach you feel her breath on your neck as she whispers, 'Cum into my hands so I can {i}drink it{/i} my hero~.♥'|n|You find yourself unable to resist climaxing and you feel semen flow from your cock and fill her hands. Your climax filled her hands to the brim as she blushes deeply and raises her hands to her mouth and drinks deeply. You lay there for a moment watching her drink deeply of your semen and she shudders lowering her hands, blushing deeply."
                          ]
                        },
                        {
                            "lineTrigger": "onOrgasm",
                            "move": "",
                            "theText": [ "The Hatter shudders as you feel her go rigid for a moment as a brief gasp, then a loud moan escape her lips. Her pleasure drunk face painted a deep red and her tongue lulling out of her open mouth.",
                              "You bring the Hatter to a satisfying climax as she goes rigid. You catch her from falling hard and she loses control of her body as she murmurs something under her breath, 'You would make the perfffect mate~♥♥♥....'",
                              "Her body goes rigid in your grasp as you reach out and catch her. She pants as her pussy squirts briefly and she moans loudly which echoes through the forest."
                                      ]
                        },
                        {
                            "lineTrigger": "OnSurrender",
                            "move": "",
                            "theText": [ "'Thats right hero~,♥ submit to me~.♥'",
                              "'You wish to offer to be my mate? Peeeerrrfect~...♥♥♥'",
                              "'Now I get to milk your cock into my fertile womb~!♥♥♥'"
                            ]
                        }
                      ],
  "victoryScenes": [
            {
                "NameOfScene": "Default",
                "move": "",
                "stance": "",
                "includes": [ "Hatter"],
                "theScene": [
                  "|f|CallCombatEventAndScene|/|HatterCombatEvents|/|TeaCupDrop|n|"
                          ],
                "picture": ""
            }
        ],
"pictures": [
              {
                  "Name": "Hatters",
                  "StartOn": "1",
                  "AlwaysOn": "1",
                  "IsScene": "0",
                  "TheBody": "1",
                  "Overlay": "No",
                  "setXalign": "0.0",
                  "setYalign": "0.13",
                  "Images": [
                  {
                      "Name": "Hatter",
                      "File": "../Mods/Wonderland/Images/Hatter.png",
                      "setXalign": "0.0",
                      "setYalign": "0.0"
                  }
                ]
              }
            ]

    }
