{
   "name":"The White Rabbit",
   "IDname":"The White Rabbit",
   "species":"Demonic Beast",
   "gender":"female",
   "description":"A clothed woman with pale skin, red eyes, small-ish bat wings attatched to her clothing, short white hair, and two large fluffy bunny ears. Her smile seems lustful upon seeing you, she carries a pocket watch in her open hand near her face that she seems to be compulsively checking. Her huge breasts swell with every step that she takes walking towards you almsot as much as her hips sway while she seductively walks. Her outfit is similar to that of a magician minus the hat.",
   "encyclopedia":"A rare sight and tends to run around believing themself to be late to get somewhere, however where she is late to has yet to be discovered. Almost no Adventurer has been able to make contact long enough to engage her in combat and identify her abilities.",
   "tags":"none",
   "generic":"False",
   "requires":[
      ""
   ],
   "skillList":[
      "Hypnotic Cleavage",
      "Rabbits Mating Bounce",
      "Hypnotic Kiss",
      "Loving Kiss",
      "Entrancing Bounce",
      "Bunny Bounce",
      "Bunny Hop",
      "Sensual Grind",
      "Mind Crushing Embrace",
      "Charming Kiss Swarm",
      "Bunnies Loving Embrace"
   ],
   "perks":[
      "Anal Adverse",
      "Sex Adept",
      "Sex Expert",
      "Sex Master",
      "Seductive Dynamo",
      "Schemer",
      "Sexual Momentum",
      "Semen Eater",
      "Unbounded",
      "Semen Frenzy",
      "Monster Pacing"
   ],
   "stats":{
      "lvl":"50",
      "Exp":"1000",
      "max_hp":"1000",
      "max_ep":"20",
      "max_sp":"1",
      "Power":"30",
      "Technique":"25",
      "Intelligence":"25",
      "Allure":"40",
      "Willpower":"25",
      "Luck":"15"
   },
   "Fetishes":[
      ""
   ],
   "BodySensitivity":{
      "Sex":"25",
      "Ass":"125",
      "Breasts":"50",
      "Mouth":"75",
      "Seduction":"125",
      "Magic":"175",
      "Pain":"115",
      "Holy":"150",
      "Unholy":"100"
   },
   "resistancesStatusEffects":{
      "Stun":"15",
      "Charm":"20",
      "Aphrodisiac":"100",
      "Restraints":"50",
      "Sleep":"75",
      "Trance":"0",
      "Paralysis":"0",
      "Debuff":"0"
   },
   "moneyDropped":"4500",
   "ItemDropList":[
      {
         "name":"Silver Rune",
         "dropChance":"75"
      },
      {
        "name":"Alarune Nectar Glazed Donut",
        "dropChance":"25"
      },
      {
        "name":"Sinfully Divine Chocolate Truffle",
        "dropChance":"5"
      }
   ],
   "combatDialogue":[
     {
       "lineTrigger":"StartOfCombat",
       "move":"",
       "theText":[
         "The White Rabbit seductively curls her finger directed at you as she says, 'Come here my sweet hero~.♥'",
         "'Oooooooh~ I can't wait for this meal~.'",
         "'Get ready my sweet hero~, because if you aren't, {i}I am~♥{/i}.'"
       ]
     },
     {
       "lineTrigger":"UsesMove",
       "move":"Rabbits Mating Bounce",
       "theText":[
         "|f|CallCombatEventAndScene|/|WhiteRabbitCombatEvents|/|RabMatBou|n|"
       ]
     },
     {
       "lineTrigger":"UsesMove",
       "move":"Sensual Grind",
       "theText":[
         "{TargetName}'s thoughts flee as {AttackerName} throws him deeper into her {i}rabbit hole{/i}...|f|CallCombatEventAndScene|/|WhiteRabbitCombatEvents|/|SenGriRevMatPre|n|",
         "{AttackerName} watches as {TargetName}'s eyes glaze and muscles relax. {AttackerHeOrShe} proceeds to take advantage of this rare chance...|f|CallCombatEventAndScene|/|WhiteRabbitCombatEvents|/|SenGriRevMatPre|n|",
         "{TargetName}'s mind fills with thoughts of submission and lust...'|f|CallCombatEventAndScene|/|WhiteRabbitCombatEvents|/|SenGriRevMatPre|n|"
       ]
     },
     {
       "lineTrigger":"UsesMove",
       "move":"Hypnotic Cleavage",
       "theText":[
         "'Thats right my sweet hero~ submit yourself to serve me~.♥'",
         "'Lose yourself in my breasts my sweet hero~.♥ Feel your thoughts slipping away...'",
         "'Wouldn't you like to rest your head in my cleavage my sweet hero~?♥'"
       ]
     },
     {
       "lineTrigger":"UsesMove",
       "move":"Hypnotic Kiss",
       "theText":[
         "{AttackerName} giggles into {TargetName}'s mouth as {AttackerHeOrShe} begins to notice {TargetHisOrHer} eyes beginning to glaze over.",
         "{AttackerName} lightly scratches the back of {TargetName}'s head as {AttackerHeOrShe} uses the shock to deepen the kiss further...",
         "{AttackerName} presses {AttackerHisOrHer} chest against {TargetName}. Causing {TargetHisOrHer} eyes to widen. Causing {TargetHimOrHer} to look deeper into {AttackerHisOrHer} deep red eyes."
       ]
     },
     {
       "lineTrigger":"UsesMove",
       "move":"Loving Kiss",
       "theText":[
         "{AttackerName} briefly breaks the deeply intimate kiss and while keeping eye contact says, 'My sweet hero is such a good kisser~.♥' {AttackerHeOrShe} then moves back in to dominate {TargetName}'s mouth once more.",
         "{AttackerName} snakes {AttackerHisOrHer} arms around {TargetName}'s back to either side of {TargetHisOrHer} face. {AttackerHeOrShe} leaves them there as {AttackerHeOrShe} continues the intimate kiss.",
         "{AttackerName} wraps {AttackerHisOrHer} arms around {TargetName}'s neck as {AttackerHeOrShe} forces eye contact while sensually. During this {AttackerHeOrShe} erotically teases {TargetHisOrHer} tongue with {AttackerHisOrHer} own."
       ]
     },
     {
       "lineTrigger":"UsesMove",
       "move":"Entrancing Bounce",
       "theText":[
         "'Lose yourself and become mine my hero~.♥'",
         "'Become mine and serve me~.♥'",
         "'Wouldn't you love to rest in my breasts~?♥♥'"
       ]
     },
     {
       "lineTrigger":"UsesMove",
       "move":"Bunny Bounce",
       "theText":[
         "'Would you like a hug~?♥'",
         "'You look tired, take a rest in my cleavage my sweet hero~.♥'",
         "'Ahn~♥ you are so cute! I can't quite contain myself!♥♥♥'"
       ]
     },
     {
       "lineTrigger":"UsesMove",
       "move":"Bunny Hop",
       "theText":[
         "'If you aren't going to make the first move, then I guess I will...♥'",
         "'That is a tasty looking cock~.♥ I want it inside me. Now.♥♥♥'",
         "'I want your dick in my pussy. You get no say in this.♥'"
       ]
     },
     {
       "lineTrigger":"UsesMove",
       "move":"Mind Crushing Embrace",
       "theText":[
         "'Let your thoughts drift away my sweet hero~.♥'",
         "'Just relax my sweet hero~.♥'",
         "'Let all your worries fall away as you fall into my breasts~.♥♥♥'"
       ]
     },
     {
       "lineTrigger":"UsesMove",
       "move":"Charming Kiss Swarm",
       "theText":[
         "'Stay with me, my sweet hero~.♥'",
         "'Sumbit to me, my sweet hero~.♥'",
         "'Just lay back and let me pleasure you my big strong adventurer~.♥'"
       ]
     },
     {
       "lineTrigger":"UsesMove",
       "move":"Bunnies Loving Embrace",
       "theText":[
         "In a hushed breathy tone {AttackerName} says, 'Become addicted to my saliva... Become my quivering mindless toy~.♥'",
         "In between kisses {TargetName} hears {AttackerName} whispering, 'Drink more of my saliva... {i}♥mwah♥{/i} Drink it all and melt for me~...♥♥♥'",
         "{AttackerName} whispers in a breathy arousing tone, 'Do you like my saliva my sweet hero~?♥ {i}♥chu♥...♥chu♥...♥chu♥{/i} Drink more for me~...♥♥♥'"
       ]
     },
     {
        "lineTrigger":"HitWith",
        "move":[
           "Caress"
        ],
        "theText":[
           "'I like your hands on my body my sweet hero~.'",
           "'Touch me more!♥'",
           "'You want me to break you don't you~?♥"
        ]
     },
      {
         "lineTrigger":"HitWith",
         "move":[
            "Penetrate"
         ],
         "theText":[
            "{TargetName}'s eyes light-up as {TargetHisOrHer} leg muscles tense up ready to give {AttackerName} the ride of {AttackerHisOrHer} life.",
            "{TargetName} shifts {TargetHisOrHer} weight as {TargetHeOrShe} prepares bounce you into bliss.",
            "{TargetName} smiles widely as {AttackerName} presses {AttackerHisOrHer} erect cock into {TargetHisOrHer} receptive slit."
         ]
      },
      {
         "lineTrigger":"HitWith",
         "move":"Anal Penetration",
         "theText":[
            "The White Rabbit looks shocked and moans a bit saying, 'N-not in there! This always makes my tail numb for days!' As she begins to attempt to struggle out of your grip.",
            "As you drive your cock into {TargetName}'s tight ass you feel a strange sensation as {TargetHisOrHer} tail begins to twitch. You feel every slight twitch of {TargetHisOrHer} tail adjusting the tightness of {TargetHisOrHer} ass.",
            "You drive your cock deep into {TargetName}'s ass. {TargetHeOrShe} looks to be in shock from the sudden penatration."
         ]
      },
      {
        "lineTrigger":"HitWith",
        "move":"Arousero",
        "theText":[
          "{TargetName}'s face blushes deeply as {TargetHeOrShe} moans loudly as {TargetHeOrShe} caresses one of {TargetHisOrHer} breasts and begins to finger {TargetHisOrHer} dripping pussy.",
          "{TargetName} collapses onto {TargetHisOrHer} knees and rolls {TargetHisOrHer} eyes back and sticks out {TargetHisOrHer} tongue.",
          "{TargetName}'s hands tear a hole in {TargetHisOrHer} clothes as {TargetHeOrShe} plunges {TargetHisOrHer} fingers deep into {TargetHisOrHer} {SexAdjective}pussy."
        ]
      },
      {
        "lineTrigger":"HitWith",
        "move":"Electrify",
        "theText":[
          "{TargetName} moans loudly as {TargetHeOrShe} begins to fervently grope {TargetHisOrHer} own breasts and {TargetHisOrHer} nipples visibly harden.",
          "{TargetName}'s body quivers as the pleasing electricity runs all throguhout {TargetHisOrHer} body, making {TargetHimOrHer} drop to {TargetHisOrHer} knees for a moment.",
          "{TargetName}'s back arches as {TargetHeOrShe} throws {TargetHisOrHer} head back as the electricity arcs through {TargetHisOrHer} body. You notice some drool begin to roll its way down {TargetHisOrHer} cheek just as the electricity disipates."
        ]
      },
      {
        "lineTrigger":"HitWith",
        "move":"Arouse",
        "theText":[
          "{TargetName} lightly blushes as {TargetHeOrShe} defiently states, 'Y-you think this is enough to stop me?!'",
          "{TargetName} squeezes {TargetHisOrHer} breasts between {TargetHisOrHer} arms saying, 'T-try harder!'",
          "{TargetName} absent mindedly begins to pinch one of {TargetHisOrHer} nipples."
        ]
      },
      {
        "lineTrigger":"HitWith",
        "move":"Arousara",
        "theText":[
          "{TargetName} blushes a deep crimson as a quite moan escapes {TargetHisOrHer} mouth. As {TargetHeOrShe} bites {TargetHisOrHer} lower lip and crossing {TargetHisOrHer} legs.",
          "{TargetName} blushes as {TargetHeOrShe} begins to tease {TargetHisOrHer} wet pussy through her clothes.",
          "{TargetName} pinches one of {TargetHisOrHer} nipples as a soft moan escapes {TargetHisOrHer} lips."
        ]
      },
      {
        "lineTrigger":"AutoCounter",
        "move":"Distract",
        "theText":[
          "|f|CallCombatEventAndScene|/|WhiteRabbitCombatEvents|/|Focused|n|"
        ]
      },
      {
        "lineTrigger":"HitWith",
        "move":"Teleport",
        "theText":[
          "{TargetName} falls to the ground stunned before picking {TargetHimOrHer}self up and stating, 'Can't run forever my sweet hero~.'",
          "{TargetName} catches {TargetHisOrHer}self before falling and readies to launch {TargetHisOrHer} next attack.",
          "{TargetName} pouts and purse's {TargetHisOrHer} lips in disapproval at {AttackerName}."
        ]
      },
      {
        "lineTrigger":"HitWith",
        "move":"Breast Caress",
        "theText":[
          "'Do you like my breasts my sweet hero~?'",
          "'Aren't they wonderfully soft?'",
          "'I like the way your hands feel on my breasts hero~.'"
        ]
      },
      {
        "lineTrigger":"HitWith",
        "move":["Breast Massage", "Breast Fondle", "Breast Knead"],
        "theText":[
          "'That's it... goooood boy~. Play with my bountiful breasts...♥'",
          "'Good hero~ losing yourself to my heavenly tits.♥'",
          "'Keep going my sweet hero~. The more you focus on my breasts the further you will fall for me...♥'"
        ]
      },
      {
        "lineTrigger":"HitWith",
        "move":"Breast Nuzzle",
        "theText":[
          "'Such a cute little hero~.♥'|f|CallCombatEventAndScene|/|WhiteRabbitCombatEvents|/|BreastNuzzleCounter|n|",
          "'Thats right hero press deeper into my soft breasts~.♥'|f|CallCombatEventAndScene|/|WhiteRabbitCombatEvents|/|BreastNuzzleCounter|n|",
          "'Ahn~♥. You are the cutest little hero~.'|f|CallCombatEventAndScene|/|WhiteRabbitCombatEvents|/|BreastNuzzleCounter|n|"
        ]
      },
      {
        "lineTrigger":"HitWith",
        "move":["Pinch Nipples"],
        "theText":[
          "{TargetName} arches {TargetHisOrHer} back, giving {AttackerName} full access to {TargetHisOrHer} nipples.",
          "'O-oh! W-what a n-naughty hero you are~.'",
          "'Ahn~! P-play with my nipples more!♥'"
        ]
      },
      {
        "lineTrigger":"HitWith",
        "move":["Spank"],
        "theText":[
          "'Eep!♥'",
          "'O-Ow!♥'",
          "Having {TargetHisOrHer} ass spanked so suddenly causes {TargetName} to hop forward a bit."
        ]
      },
      {
        "lineTrigger":"HitWith",
        "move":["Whip"],
        "theText":[
          "'N-not so rough!~♥'",
          "'AHN!♥'",
          "'A-again~.♥'"
        ]
      },
      {
        "lineTrigger":"HitWith",
        "move":["Analyze"],
        "theText":[
          "{TargetName} jiggles {TargetHisOrHer} breasts a bit saying, 'Like what you see my sweet hero~?♥'",
          "'Checking out my breasts huh my sweet hero~?♥'",
          "'Are you going to keep staring or would you rather I milk you dry instead~?♥'"
        ]
      },
      {
        "lineTrigger":"HitWith",
        "move":["Suckle"],
        "theText":[
          "'{b}O-OOOOoooooooh{/b}~♥'|f|CallCombatEventAndScene|/|WhiteRabbitCombatEvents|/|DrinkMyMilkHero|n|",
          "'{b}Ahn{/b}!♥'|f|CallCombatEventAndScene|/|WhiteRabbitCombatEvents|/|DrinkMyMilkHero|n|",
          "'{b}O-Oh my goddess{/b}...♥♥♥'|f|CallCombatEventAndScene|/|WhiteRabbitCombatEvents|/|DrinkMyMilkHero|n|"
        ]
      },
      {
        "lineTrigger":"HitWith",
        "move":["Make Out", "Kiss"],
        "theText":[
          "'Mmmmm~.♥'",
          "'Chu~.♥'",
          "'Oh~... I like that~.♥'"
        ]
      },
      {
        "lineTrigger":"HitWith",
        "move":["Deep Kiss", "Sensually Seductive Kiss", "Lovingly Rough Kiss", "Skillfully Passionate Kiss"],
        "theText":[
          "|f|CallCombatEventAndScene|/|WhiteRabbitCombatEvents|/|MakingOut|n|"
        ]
      },
      {
        "lineTrigger":"AutoCounter",
        "move":["Lewd Bottle", "Cloying Mist", "Placebo Pheremone"],
        "theText":[
          "|f|CallCombatEventAndScene|/|WhiteRabbitCombatEvents|/|AphrodisiacCounter|n|"
        ]
      },
      {
        "lineTrigger":"HitWith",
        "move":["Magical Bondage", "Pin", "Bondage Net"],
        "theText":[
          "'N-naughty boy~ wants to ravish a helpless bunny huh~?♥'",
          "{TargetName} poses seductively as she says in a breathy tone, 'Oh no! Here I lay helpless at the mercy or a ruthless hero here to ravish me~.♥♥♥'",
          "'This is not what I expected to come of this but please hero~. Ravish me~.♥♥♥'"
        ]
      },
      {
        "lineTrigger":"AutoCounter",
        "move":"Misty Kiss",
        "theText":[
          "|f|CallCombatEventAndScene|/|WhiteRabbitCombatEvents|/|MistyCounter|n|"
        ]
      },
      {
        "lineTrigger":"HitWith",
        "move":["Grope Ass", "Massage Ass", "Fondle Ass", "Squeeze Ass"],
        "theText":[
          "A small gasp escapes {TargetName}'s lips as {TargetHisOrHer} tail begins to twitch.",
          "{AttackerName}'s hands sink into the muscular flesh of {TargetName}'s ass. A soft moan escapes {TargetHisOrHer} lips.",
          "'A-aren't my breasts enough?'"
        ]
      },
      {
        "lineTrigger":"HitWith",
        "move":["Finger", "Dildo"],
        "theText":[
          "'Oh what a tease you are~.'",
          "'You are making me so {i}wet{/i} for you~.♥'",
          "'You better be planning to stick your cock in next.♥'"
        ]
      },
      {
        "lineTrigger":"HitWith",
        "move":["Charm", "Charm Wave"],
        "theText":[
          "'Oh my hero!'",
          "'Mmmm... My sweet hero~♥.'",
          "'I can't believe that I might be falling for you!♥'"
        ]
      },
      {
        "lineTrigger":"HitWith",
        "move":["Thrust", "Multi Thrust"],
        "theText":[
          "|f|CallCombatEventAndScene|/|WhiteRabbitCombatEvents|/|Thrust|n|"
        ]
      },
      {
        "lineTrigger":"HitWith",
        "move":["Tantric Thrust"],
        "theText":[
          "|f|CallCombatEventAndScene|/|WhiteRabbitCombatEvents|/|TantricThrust|n|"
        ]
      },
      {
        "lineTrigger":"HitWith",
        "move":["Empowered Thrust"],
        "theText":[
          "|f|CallCombatEventAndScene|/|WhiteRabbitCombatEvents|/|EmpoweredThrust|n|"
        ]
      },
      {
        "lineTrigger":"AutoCounter",
        "move":["Channeling Thrust"],
        "theText":[
          "|f|CallCombatEventAndScene|/|WhiteRabbitCombatEvents|/|ChannelingThrust|n|"
        ]
      },
      {
        "lineTrigger":"HitWith",
        "move":["Anal Piston"],
        "theText":[
          "'{b}OH GODDESS!{/b}'",
          "'OH GODDESS I CAN FEEL YOUR COCK RUBBING AGAINST THE BASE OF MY TAIL!'",
          "'O-OHHHHhhhhHHHH~ M-MY TAIL IS SO NUMB!'"
        ]
      },
      {
        "lineTrigger":"HitWith",
        "move":["Passionate Lovemaking"],
        "theText":[
          "|f|CallCombatEventAndScene|/|WhiteRabbitCombatEvents|/|PassionateLovemaking|n|"
        ]
      },
      {
        "lineTrigger":"HitWith",
        "move":["Carrying Fuck"],
        "theText":[
          "|f|CallCombatEventAndScene|/|WhiteRabbitCombatEvents|/|CarryingFuck|n|"
        ]
      },
      {
        "lineTrigger":"HitWith",
        "move":["Pound"],
        "theText":[
          "|f|CallCombatEventAndScene|/|WhiteRabbitCombatEvents|/|Pound|n|"
        ]
      },
      {
        "lineTrigger":"HitWith",
        "move":"Favours Misfavor",
        "theText":[
          "'W-What did that do?'",
          "'I-I'm sorry but did you just do something? I dont feel any different.'",
          "'What is that silly little trick supposed to intimidate me?'"
        ]
      },
      {
        "lineTrigger":"HitWith",
        "move":["Disarming Appeal", "Sensitize", "Enfeeble"],
        "theText":[
          "'What's wrong my sweet hero~? Need to make me weaker to get in my pants~?♥'",
          "'Why does a {b}BIG{/b} {i}strong{/i} {b}{i}adventurer{/i}{/b} like you need to make {i}little old me{/i} weaker~?♥'",
          "'Does my sweet hero need to make me weaker to be in control~.♥♥♥'"
        ]
      },
      {
        "lineTrigger":"HitWith",
        "move":"Sleep",
        "theText":[
          "{TargetName} yawns and stretches seductively.",
          "{TargetName} yawns and bats {TargetHisOrHer} eyes at {AttackerName}, 'Do you want to sleep with me my hero~♥.'",
          "{TargetName} deeply yawns."
        ]
      },
      {
        "lineTrigger":"HitWith",
        "move":"Holy Headpat",
        "theText":[
          "{TargetName} looks incredibly unhappy as she says, 'What the hell was that?'|f|CallCombatEventAndScene|/|WhiteRabbitCombatEvents|/|UpsetAtPat|n|",
          "{TargetName}'s ears titch as she says, 'Are you serious?'|f|CallCombatEventAndScene|/|WhiteRabbitCombatEvents|/|UpsetAtPat|n|",
          "{TargetName}'s ears stand straight up as she shouts, 'Why are you doing that and not pounding my pussy?!'|f|CallCombatEventAndScene|/|WhiteRabbitCombatEvents|/|UpsetAtPat|n|"
        ]
      },
      {
        "lineTrigger":"HitWith",
        "move":"Demon Layer",
        "theText":[
          "'W-What was that???'",
          "'W-WHAT? What in the name of the Queen was that???'",
          "'W-WHY??? WHY DOES IT FEEL SO GOOD?'"
        ]
      },
      {
        "lineTrigger":"HitWith",
        "move":["Seduce", "Mass Seduction", "Enamor"],
        "theText":[
          "'You promise~?♥'",
          "'Oh my sweet hero~ you are making me swoon!♥'",
          "'Why talk about it when we can do it~.♥'"
        ]
      },
      {
        "lineTrigger":"HitWith",
        "move":["Ear Tease"],
        "theText":[
          "{TargetName} shudders as {AttackerName} teases {TargetHisOrHer} ear.",
          "{TargetName} lets out a small gasp and a moan as {AttackerName} teases {TargetHisOrHer} ear.",
          "{TargetName} bites one of {TargetHisOrHer} fingers as {AttackerName} teases {TargetHisOrHer} sensitive ear."
        ]
      },
      {
        "lineTrigger":"HitWith",
        "move":["Smoldering Seduction", "Smoldering Flaunt"],
        "theText":[
          "'Oh my such a strong and powerful hero~.♥'",
          "'My strong hero~!♥ Come over here and fuck me~!♥'",
          "'I {i}need{/i} you inside me!♥ Right. Now.♥'"
        ]
      },
      {
        "lineTrigger":"StanceStruggleFail",
        "move":"Anal",
        "theText":[
          "You are unable to pry your cock free from her tight muscular ass.",
          "As you attempt to pry your cock free from her tight ass, it clamps down as she continues to panic at having a cock in her ass.",
          "You find the pleasure of her ass too much to want to pry your cock free."
        ]
      },
      {
         "lineTrigger":"StanceStruggleFail",
         "move":[
            "Sex"
         ],
         "theText":[
            "The White Rabbit chuckles as she pulls you closer and presses her bust against you more, while wrapping a leg around your back making it much harder for you to escape.",
            "The White Rabbit wraps her arms around your neck making it more difficult to get away.",
            "Your cock seems to be sucked deeper into The White Rabbit's pussy as you lose the air from your lungs."
         ]
      },
      {
         "lineTrigger":"StanceStruggleFail",
         "move":[
            "Making Out"
         ],
         "theText":[
            "As you try to pull away her arms lock aroud your neck.",
            "You feel yourself being drawn back into her intoxicating lips, as you feel more of yourself slipping away with each kiss.",
            "You make eyecontact with The White Rabbit as you try to pull away and the hypnotic gaze she seems to have causes you to relax. You sink back into The White Rabbits arms as the entrancing make out continues."
         ]
      },
      {
        "lineTrigger":"StanceStruggleFail",
        "move":[
          "Breast Smother"
        ],
        "theText":[
          "As you attempt to pull your head away from The White Rabbit's pillowy, cavernous bust she places a hand on the back of your head and begins lightly stroking your hair. Her voice slowly trickles into your mind like honey over toast,",
          "You begin to pull yourself from The White Rabbits breasts, until you see the sweat of her bust and hear her voice infiltrate your mind.",
          "You mind empties and you find yourself wholly unwilling to leave The White Rabbits breasts."
        ]
      },
     {
      "lineTrigger":"StanceStruggleComment",
      "move":"Breast Smother",
      "theText":[
        "'Now now my sweet hero~ let all your thoughts melt away in breasts~.♥'",
        "'Ah ah ah~.♥ Come back here my sweet hero~.♥'",
        "'Shhhhhh... Just rest my sweet hero~.♥'",
        "'Ara ara, my sweet little hero~ just rest in my breasts~.♥'"
      ]
     },
    {
      "lineTrigger":"StanceStruggleFree",
      "move":"Breast Smother",
      "theText":[
        "You manage to pry yourself away from her pillowy tits.",
        "Your senses return for a moment and you manage to escape the cavernous bust of The White Rabbit.",
        "Your mind returns as you pull away from her hypnotic breasts."
      ]
    },
    {
      "lineTrigger":"StanceStruggleFreeComment",
      "move":"Breast Smother",
      "theText":[
        "'You know you won't be able to resist returning to my heavenly tits my sweet hero~♥.'",
        "'Awwwwww~ come back to by breasts my sweet hero.'",
        "'You know you won't be able to resist coming back my sweet hero~.♥'"
      ]
    },
    {
      "lineTrigger":"StanceStruggleFree",
      "move":"Anal",
      "theText":[
        "You manage to pry your cock free from her tight muscular ass.",
        "The pleasure of her ass proves to be too much as you pull out of her ass.",
        "You decide to take pitty on The White Rabbit and pull your cock out of her ass."
      ]
    },
    {
      "lineTrigger":"StanceStruggleFreeComment",
      "move":"Anal",
      "theText":[
        "'Ooooohhhh now my ass hurts and my tail is numb!'",
        "'Oh you are going to get it now!'",
        "'After that you better give me every last drop of your semen!'"
      ]
    },
    {
      "lineTrigger":"StanceStruggleFree",
      "move":"Sex",
      "theText":[
        "You pry your cock from her tight pussy as she pouts at the loss of your heroic cock. She crosses her arms and says,",
        "You manage to work up enough strength to pull your cock from her tight slit.",
        "Your cock aches as you remove its full length from her heavinly slit."
      ]
    },
    {
      "lineTrigger":"StanceStruggleFreeComment",
      "move":"Sex",
      "theText":[
        "'I wasn't finished with that! I will forgive you now if you get on your knees and apologize then ask to be my ♥sweet♥ hero again.'",
        "'Your cock looks like it wants to come back to where it belongs~.'",
        "'{b}Ugh{/b} I was so close to getting a full course meal too! Get back over here with that {i}tasty{/i} cock my sweet hero~.'"
      ]
    },
    {
      "lineTrigger":"StanceStruggleFree",
      "move":"Making Out",
      "theText":[
        "You manage to pry your lips away from hers as you see a strand of saliva connecting your mouths for a brief moment. She smiles and wipes her mouth before saying,",
        "As you pry your lips away from The White Rabbit, she licks her lips and says,",
        "You pull yourself away from the bliss of The White Rabbit's lips as you suddenly hear her voice in your ear,"
      ]
    },
    {
      "lineTrigger":"StanceStruggleFreeComment",
      "move":"Making Out",
      "theText":[
        "'You wont be able to resist me for much longer my sweet hero~♥.'",
        "'My lips will draw you in before you know it my sweet hero~.'",
        "'You won't escape my kisses next time.♥'"
      ]
    },
      {
         "lineTrigger":"LowHealth",
         "move":"",
         "theText":[
            "'This isn't how this is supposed to go at all!'",
            "'How can this be? How can a mere human get me so close!'",
            "'I am supposed to be draining your balls until you are a quivering mess and I make {i}you{/i} serve {i}me{/i}!'"
         ]
      },
      {
         "lineTrigger":"PlayerLowHealth",
         "move":"",
         "theText":[
            "'Thats right my sweet hero, give in to me...♥'",
            "'Give me every last drop you have been holding back my big strong adventurer~.♥'",
            "'Lose yourself to me~.♥'"
         ]
      },
      {
        "lineTrigger":"OnPlayerOrgasm",
        "move":"Reverse Mating Press",
        "theText":[
          "|f|CallCombatEventAndScene|/|WhiteRabbitCombatEvents|/|PlayerRMPOrgasm|n|"
        ]
      },
      {
         "lineTrigger":"OnPlayerOrgasm",
         "move":"Sex",
         "theText":[
            "|f|CallCombatEventAndScene|/|WhiteRabbitCombatEvents|/|PlayerSexOrgasm|n|"
         ]
      },
      {
         "lineTrigger":"OnPlayerOrgasm",
         "move":"",
         "theText":[
            "You feel a climax rushing forward as you shudder feeling it coming hard and fast as The White Rabbit whispers into your ear, 'Thats right my sweet hero, cum for me ♥... Serve to feed me. ♥♥♥' Hearing this you cum all over The White Rabbit with a loud moan as she begins to absorb it.",
            "Your cock wells as a climax approaches and you feel The White Rabbits hands caress you and a shock of electric pleasure rushes through your body. Ending in your cock as you hear her whisper in your ear, 'Cum for me~.♥♥♥' You unleash everything you have pent up all over her. She smiles as you cover her and she says, 'Good boy~.♥'",
            "Everything around you turns pink as you are swimming in the pleasure of The White Rabbit's aphrodisiacs. A sudden eruption cuts your euphoria short painting The White Rabbits breasts with your semen as she gives you a heavinly smile. She swipes a finger full off and sucks all of it off her finger. Maintaining eye contact the whole time."
         ]
      },
      {
         "lineTrigger":"onOrgasm",
         "move":"Sex",
         "theText":[
            "You feel White Rabbit's pussy begin to spasm as it suddenly clamps down on your cock. You suddenly lose all the air in your lungs in a moment of bliss as she hugs you tightly pressing her volumptuous bust against your body and her pussy holds your cock in a vice grip for a moment.|n| A primal cry of pleasure from the throat of White Rabbit echo's through the forest. 'Y-yessss my sweeeEEEeeEEet heroooOOO that is the spooooot! Make me cum with your heroOOooic c-cocK!'",
            "The White Rabbit arches her back as her whole body goes stiff. She moans loudly as her pussy clamps down on your cock nearly driving you over the edge before she collapses into your arms.",
            "A powerful orgasm rocks The White Rabbits body for a moment as she moans and digs her nails into your back for a brief moment. Her orgasm subsides leaving your erect cock still deep inside her an with her unable to fight anymore."
         ]
      },
      {
         "lineTrigger":"onOrgasm",
         "move":"",
         "theText":[
            "The White Rabbit spasms briefly and releases a primal howl of pleasure as she reaches a powerful climax. Her breasts heave as her breathing becomes deeper and a small droplet of drool begins to roll down from her mouth while her tongue hangs out. Her eyes roll back a bit from the brief moment of pure pleasure.",
            "You watch as The White Rabbit's body shudders briefly as she instinctively plunges her fingers into her drenched pussy, moaning loudly as she does so.",
            "The White Rabbit quickly pinches one of her nipples and twtists it as she feverishly begins to finger herself, riding out her climax for all it is worth."
         ]
      },
      {
         "lineTrigger":"OnSurrender",
         "move":"",
         "theText":[
            "'So you came here just to serve me a full course meal? ♥ {i}Perfect{/i}...'",
            "'Now stay perfectly still while I Milk. You. Dry...♥♥♥'",
            "'So you came all this way to feed me? {i}Good{/i} its so hard to get reliable little slaves such as yourself nowadays. Now lie still and don't move.'"
         ]
      }
   ],
   "lossScenes":[
      {
         "NameOfScene":"Sex Win",
         "move":"",
         "stance":"Sex",
         "includes":[
            "The White Rabbit"
         ],
         "theScene":[
            "The White Rabbit pulls your head into her pillowy soft breasts as she places one hand on your back and one hand on the back of your head.|n|The hand on your back begins to lightly scratch your back as the hand on the back of your head begins to slowly stroke your hair as she lowers her head directly next to your ear and her words flow into your mind and send a shiver down your spine.",
            "Speaks",
            "Give me everything your balls have in them and it will feel magical.♥ My sweet hero~♥.",
            "Right after hearing this she begins to bounce up and down relentlessly on your cock as you lose yourself in the pleasure of her tight dripping pussy that only seems to grow tighter as she rides you.",
            "Her relentless thrusts and breasts bouncing your head up and down put you into a mindless state of pleasure. No thoughts drift through your head as you drift off to a state of pleasure as the rippling of her breasts put you at ease.",
            "The White Rabbit pulls your head deeper into her bust and slams herself onto your cock hilting yourself entirely inside her as you feel her entire pussy tighten and a white hot ecstacy burns its way into your mind.",
            "Speaks",
            "Give me your {i}virile{/i} semen my sweet hero~♥♥♥ and become mine.♥",
            "Upon hearing the whisper of The White Rabbit you release everything left within your balls directly into the enterance of her womb. Painting her insides with your all the semen you have left.|n| The hand on the back of your head tightens into a fist as she lightly pulls your hair. You release a small moan as the unexpected grip on your hair pulls your head up from her bust to look directly into her eyes and opens your mouth. |n| The White Rabbit takes this opportunity to feed you more of her aphrodisiac saliva and drain the little bit of semen you are capable of producing in the last few minutes you have left before you fade away.|n| Just before you fade away as you release a weak trickle of semen into The White Rabbit you feel her pussy tighten and spasm as she reaches her own orgasm as she looks into your eyes and sees she has broken you.",
            "Speaks",
            "OOOOoooooh... Good Boy~♥",
            "...",
            "ChangeSensitivity",
            "Sex",
            "20",
            "ChangeFetish",
            "Sex",
            "10",
            "ChangeFetish",
            "Breasts",
            "5"
         ],
         "picture":""
      },
      {
        "NameOfScene":"MakeOutWin",
        "move": "",
        "stance": "Making Out",
        "includes":[
          "The White Rabbit"
        ],
        "theScene":[
          "You quiver in the hands of The White Rabbit who breaks the kiss you two have been passionately sharing for what feels like an eternity. You feel a line of drool falling down your face as you feel your mouth remain open with your tongue still sticking out as The White Rabbit's face dominates your vision as a strand of saliva connects your tongues.",
          "She smiles as she presses her bust into you and licks her lips hungrily staring back at you. Her voice sounds like that of the goddess in this moment of bliss as she says,",
          "Speaks",
          "Now my sweet hero, I am going to stroke your cock that just a moment ago was so backed up from my saliva while I pop this chocolate I got from an ♥Old Friend♥ and mix its aphrodisiac with my own. Then I am going to flood your system with as much aphrodisiac as you can handle and then some.~♥",
          "In her hand she holds something you recognize to be a sweet from Bon Bon Bun! Not just any sweet, one of the stronger ones that you couldn't order. The White Rabbit wastes no moment pressing it into her mouth as seductively as possible sending a shiver down your spine.",
          "As she melts the chocolate in her mouth her hand absent mindedly drifts down your sternum grazing you lightly the whole way down sending yet another shiver down your whole body. Her hand stops at your cock as she begins to idlely play with it in one hand as she melts the chocolate in her mouth.",
          "What feels like an hour passes as your rigid shaft is toyed with slowly by the woman before you, at some point you closed your eyes and grit your teeth as she keeps denying you release. When you cannot take anymore your eyes open to see The White Rabbit's cheeks pressed outwards and her lips puckered.",
          "She looks at you expectently as you pucker your lips and she immediately brings her lips to yours in a intense kiss. It starts out like a normal kiss however once your mouth opens to greet her tongue a flood of her sweet saliva now flavored by the chocolate as you gulp down as much as possible.",
          "Drinking the divine liquid causes your cock to start burning with desire and your brain to short circuit. Your eyes roll back in this intense dry orgasm from the pure intensity of the aphrodisiac combiantion forced into your system.",
          "The White Rabbit empties the contents of her mouth directly into your throat as you greedily swallow all of it. She breaks the kiss blushing intensly as she looks down at your face, eyes rolled back and tongue hanging free.",
          "Speaks",
          "Look at you... I bet your balls are just bursting with semen and any second now you are going to cum more than any other time in your life huh? Well I can't let all that {i}thick and creamy{/i} semen go to waste~♥♥♥",
          "The White Rabbit lowers her head onto your aching shaft as her plush lips wrap around your cock forming an air tigt seal as her tongue circles the head of your cock expectently.",
          "You last for seconds recieving this treatment as suddenly you release what can only be described as a never ending torrent of semen that The White Rabbit responds to by taking the rest of your cock in her mouth.",
          "You nearly black out as your entire length gets swallowed by The White Rabbit and the torrent only quickens in pace as she simply allows it to flood into her stomach.",
          "You two hold this position for minutes that feel like hours, her arms wrapped around your hips and lips locked around the base of your cock and your eyes rolled back and drool rolling off your tongue and down your face.",
          "The torrent reaches its trickling end just as you are about to black out. Just before you do feel The White Rabbit lips rising up your length and release it with a wet pop.",
          "Her eyes glow with renewed vigor as she bends down over you and gives you a kiss on the cheek then whispers in your ear in a almost lustful tone,",
          "Speaks",
          "Thank you for the {i}meal{/i} my sweet hero~♥.",
          "...",
          "ChangeSensitivity",
          "Mouth",
          "20",
          "ChangeSensitivity",
          "Sex",
          "5",
          "ChangeFetish",
          "Kissing",
          "10",
          "ChangeFetish",
          "Oral",
          "5"
        ],
        "picture":""
      },
      {
         "NameOfScene":"Hypno Win",
         "move":"",
         "stance":"",
         "includes":[
            "The White Rabbit"
         ],
         "theScene":[
            "As you lay, no longer able to resist the advances of The White Rabbit as she pulls down her top revealing her breasts fully as they sway once more. The light shining off of her breasts and the sweat droplets that have formed there drives all thoughts that aren't her pillowy breasts out of your mind.|n| No thoughts come to your head, all you see and feel is The White Rabbit's volumptuous bust and the burning desire to let her {i}use{/i} you dominate your mind. You feel your cock rise to attention as all control you once had over your body is taken away.",
            "Speaks",
            "My sweet hero you are now under my control~♥. Now when I tell you to you will release all the tension in your body, laying down and surrendering your body... and your seed to me.♥ Now give yourself over to me {i}my sweet hero{/i}.",
            "The words 'My sweet hero' ring in your empty mind filling you with submissive pleasure as you feel your body hit the ground. You cock still erect is freed from your pants as The White Rabbit removes your clothes.",
            "Speaks",
            "We won't be needing your clothes anymore. Now when I say those words you seem to love so much you are going to release all that pent up semen into my pussy, you cannot cum until I say those magic words. However until then I will turn up your senses and you will feel {i}everything{/i}.",
            "After saying that The White Rabbit sinks her hot dripping pussy down onto your cock. Pleasure shoots through your body directly to your brain like a bolt of lightning as your whole nervous system lights up with pleasure. |n| You feel every single fold of her pussy and every single drop of her juices onto your pelvis. All you want is to release as you feel the semen in your balls bubbling up and forcing itself against an unseen barrier.|n| The White Rabbit then bends over and plants a long. Wet. Kiss. Onto your lips forcing you to drink her aphrodisiac saliva drastically increasing your semen production as you suddenly feel pain.|n| Unbearable pain as the unseen barrier still holds back your now overflowing cock, fully unable to cum. Seeing you squirm beneath her, the hero she had broken, The White Rabbit reaches her own climax slamming herself down onto your pelvis as she screams.",
            "Speaks",
            "Ooooooh y-yes {i}my sweet slave hero{/i}♥! Serve me your semen and your mind!",
            "When she slams down her pussy clamps down on your cock shooting electric pleasure right to your brain. That combined with hearing the words, 'my sweet {i}slave{/i} hero', the pain is gone as all the bubbling, churning semen deep within your balls floods outwards.|n| You cum in a single, powerful stream in an incredible moment of raw, primal, submissive pleasure. In an instant your balls are as empty as can be and you fall back exhaused and broken.|n| The White Rabbit sees you are spent and leans down planting a light kiss on your lips as her next words slowly flood your mind like sweet honey,",
            "Speaks",
            "♥Good job my sweet little {i}slave{/i}~.♥",
            "...",
            "ChangeSensitivity",
            "Seduction",
            "20",
            "ChangeSensitivity",
            "Sex",
            "15",
            "ChangeFetish",
            "Sex",
            "5",
            "ChangeFetish",
            "Seduction",
            "5"
         ],
         "picture":""
      }
   ],
   "victoryScenes":[
      {
         "NameOfScene":"SexLoss",
         "move":"",
         "stance":"Sex",
         "includes":[
            "The White Rabbit"
         ],
         "theScene":[
            "The White Rabbit quivers beneath you as you begin to thrust your cock deep into her each thrust causing her pussy to spasm on every single vein in your cock.",
            "She moans incoherent words as you grasp her breasts revealing her nipples and bringing one to your lips and beginning to suckle on it. Doing this cauases her to shudder, moaning loudly and her pussy to become as tight as a vice on your cock.",
            "You thrust much slower as in your other hand you grope her other large breast and play with her rapidly hardening nipple with your thumb. You feel her pussy juices flowing almost nonstop as you piston her devilishly tight pussy.",
            "You remove her nipple from your mouth and place both of your hands on her ankles and raise them until they are above her head. Her deep red eyes flash in a moment of terror recognizing the position you have put her in, for an instant she tries to speak to beg you to not do this.",
            "However all that comes out of her mouth is a long drawn out moan as you slowly pullout of her tight dripping pussy until the head is pressed against her entrance. Then you thrust into her as the moan that just escaped her lips turns into a scream of climax as her pussy instantly forms around your cock and compresses.",
            "You throw your heads back together and scream your primal howl of ecstacy together as you both achieve climax. You hilt yourself into her tight pussy, unleashing a torrent of semen that you have been building since the last time you came.",
            "You draw your cock from The White Rabbit's now quivering pussy as you notice your semen dripping out of her pussy and mixing with her own cum. As you look at the face of The White Rabbit and see she is still in the throws of a raging orgasm as her tongue is sticking straight out of her mouth and her eyes are rolled back.",
            "A moment passes and her orgasm subsides as she catches her breath before she fades away she manages to mutter below her breath,",
            "Speaks",
            "Th-that was too much c-cum ♥ yo-your gonna get me pregnant like this... Now I'm going to be even more late than before...",
            "|f|CallCombatEventAndScene|/|WhiteRabbitCombatEvents|/|WatchDrop|n|"
         ],
         "picture":""
      },
      {
        "NameOfScene":"Default",
        "move":"",
        "stance":"",
        "includes":[
          "The White Rabbit"
        ],
        "theScene":[
          "The White Rabbit collapses under your touch, causing her to fall into your arms as a powerful climax ripples accross her body causing her to moan loudly. Her dripping sex producing an enticing smell that causes a devious idea to form within your mind.",
          "You lay her on the ground as you shift her clothes to view her drenched sex. A wild blush spreads across The White Rabbit's face as you smell her aphrodisiac laced fluids. You remove your pants and reposition yourself so The White Rabbit, in her pleasure drunk state can devour your cock as you dig into her dripping sex.",
          "Your first taste of her honey pot sends a wave of pleasure that causes your cock to twitch as The White Rabbit to lock her lips around the head of your cock and begin to greedily devour it. You taste ambrosia the more her honeypot gives away its deliscious bounty.",
          "Your tongue digs as deep into her tight still spasming pussy tasting every inch her honeypot has to offer. While you pleasure the sensitive monster girl, she pleasures you by taking your whole length down her throat all the way to the base and retracting back the whole way only to return to the hilt.",
          "The White Rabbit's pussy begins to tighten as you feel the aphrodisiac's of her fluids begin to reach their full effect. You lock your lips around her love button and suck causing her to quiver with pleasure, when you feel this you stop sucking her love button and catch as much of her juices as possible. Similarly as she climaxes she removes the majority of your length from her mouth.",
          "She grasps your shaft in one hand and the other hand begins to massage your balls as she locks her lips around the head of your cock. She then greedily strokes your length, massages your balls and circles the head of your cock with her tongue causing you to release into her mouth she releases into yours.",
          "You roll off of her as you both revel in the afterglow. Her body glistening in sweat and her face pleasure drunk as she begins to magically fade away. As she does you hear her mutter something in a low, exhausted tone.",
          "Speaks",
          "Thank you for the meal~...♥",
          "|f|CallCombatEventAndScene|/|WhiteRabbitCombatEvents|/|WatchDrop|n|"
        ],
        "picture":""
      }
   ],
   "pictures":[
      {
         "Name":"The White Rabbit",
         "StartOn":"1",
         "AlwaysOn":"1",
         "IsScene":"0",
         "TheBody":"1",
         "Overlay":"No",
         "setXalign":"0.0",
         "setYalign":"0.2",
         "Images":[
            {
               "Name":"White_Rabbit",
               "File":"../Mods/Wonderland/Images/White_Rabbit.png",
               "setXalign":"0.0",
               "setYalign":"0.0"
            }
         ]
      }
   ]
}
