{
    "name": "Strange Watch",
    "itemType": "Key",
    "cost": "0",
    "requires": [ ""],
    "perks": [ ""],
    "skills": [ ""],

    "hp": "0",
    "ep": "0",
    "sp": "0",

    "Exp": "0",
    "Power": "0",
    "Technique": "0",
    "Intelligence": "0",
    "Allure": "0",
    "Willpower": "0",
    "Luck": "0",

    "statusEffect": "none",
    "statusChance": "0",
    "statusPotency": "0",

    "BodySensitivity": { "Sex": "0",
              "Ass": "0",
              "Breasts": "0",
              "Mouth": "0",
              "Seduction": "0",
              "Magic": "0",
              "Pain": "0",
              "Holy": "0",
              "Unholy": "0"
    },

    "resistancesStatusEffects": {
              "Stun": "0",
              "Charm": "0",
              "Aphrodisiac": "0",
              "Restraints": "0",
              "Sleep": "0",
              "Trance": "0",
              "Paralysis": "0",
              "Debuff": "0"
    },

    "descrip": "A strange clockwork pocketwatch that emits a somewhat loud ticking while two hands move behind a small film of glass and all it seems to show is the word 'LATE' in large print.",
    "useOutcome": "",
    "useMiss": ""
}
