{
    "name": "Entrancing Spores",
    "cost": "0",
    "costType": "ep",
    "requiredLevel": "0",
    "learningCost": "0",
    "skillType": "statusEffect",
    "statType": "Intelligence",
    "requiredStat": "0",
    "skillTags": [ "Magic", "Seduction"],
    "fetishTags": [ ""],
    "startsStance": [""],
    "requiresStance": "Any",
    "unusableIfStance": [ ""],
    "requiresTargetStance": [ "Any"],
    "unusableIfTarget": [ ""],
    "removesStance": ["None"],
    "requiresStatusEffect": "None",
    "requiresStatusPotency": "0",
    "unusableIfStatusEffect": [ "None"],
    "power": "10",
    "minRange": "100",
    "maxRange": "100",
    "recoil": "0",
    "targetType": "single",
    "statusEffect": "Trance",
    "statusChance": "150",
    "statusDuration": "1",
    "statusPotency": "2",
    "statusResistedBy": "Willpower",
    "statusText": "",
    "descrip": "",
    "outcome": "OrgasmCheck",
    "miss": "",
    "statusOutcome": "{TargetName} breathes in the spores produced by the {AttackerName} and feels {TargetHisOrHer} mind become more pliable...",
    "statusMiss": "{TargetName} holds his breath and resists the spores flying by his face.",
    "restraintStruggle": [""],
    "restraintStruggleCharmed": [""],
    "restraintEscaped": [""],
    "restraintEscapedFail": [""]
}
