{
    "name": "Lecherous Spore Cloud",
    "cost": "0",
    "costType": "ep",
    "requiredLevel": "0",
    "learningCost": "0",
    "skillType": "statusEffect",
    "statType": "Intelligence",
    "requiredStat": "0",
    "skillTags": [ "Seduction"],
    "fetishTags": [ ""],
    "startsStance": "",
    "requiresStance": "Any",
    "unusableIfStance": [ ""],
    "requiresTargetStance": [ "Any"],
    "unusableIfTarget": [ ""],
    "removesStance": "None",
    "requiresStatusEffect": "None",
    "requiresStatusPotency": "0",
    "unusableIfStatusEffect": [ "None"],
    "power": "10",
    "minRange": "100",
    "maxRange": "100",
    "recoil": "0",
    "targetType": "single",
    "statusEffect": "Aphrodisiac",
    "statusChance": "100",
    "statusDuration": "5",
    "statusPotency": "20",
    "statusResistedBy": "Willpower",
    "statusText": "aphrodisiac",
    "descrip": "",
    "outcome": "OrgasmCheck",
    "miss": "",
    "statusOutcome": "{AttackerName} releases a cloud of purple spores that {TargetName} becomes overwhelmed by them and breathes them in. He feeels his mind cloud with lust for the woman before him.",
    "statusMiss": "{AttackerName} lets out a burst of purple spores, but {TargetName} manages to hold {TargetHisOrHer} breath!",
    "restraintStruggle": "",
    "restraintStruggleCharmed": "",
    "restraintEscaped": "",
    "restraintEscapedFail": ""
}
