{
    "name": "Bunny Bounce",
    "cost": "0",
    "costType": "ep",
    "requiredLevel": "0",
    "learningCost": "0",
    "skillType": "attack",
    "statType": "Power",
    "requiredStat": "0",
    "skillTags": [ "Sex", "Pain"],
    "fetishTags": [ "Sex"],
    "startsStance": "Sex",
    "requiresStance": "Any",
    "unusableIfStance": [ "Any"],
    "requiresTargetStance": [ "Any"],
    "unusableIfTarget": [ "Face Sit", "Making Out", "Titfuck"],
    "removesStance": "None",
    "requiresStatusEffect": "None",
    "requiresStatusPotency": "0",
    "unusableIfStatusEffect": [ "Restrain"],
    "power": "20",
    "minRange": "90",
    "maxRange": "110",
    "recoil": "20",
    "targetType": "single",
    "statusEffect": "None",
    "statusChance": "0",
    "statusDuration": "0",
    "statusPotency": "0",
    "statusResistedBy": "",
    "statusText": "",
    "descrip": "",
    "outcome": "{AttackerName} suddenly leaps towards {TargetName} with {AttackerHisOrHer} muscular legs outstretched towards {TargetHimOrHer}. {AttackerName} lands straddling {TargetName}, who quickly falls backwards from the combined force and weight of the bunny girl!|n|{AttackerName} smirks dominantly as {AttackerHeOrShe} gives {TargetName}'s cock a teasing rub from her dripping sex before slowly guiding {TargetHimOrHer} into {AttackerHimOrHer} tight pussy.",
    "miss": "{AttackerName} suddenly leaps towards {TargetName} with {AttackerHisOrHer} plump ass extending towards {TargetHimOrHer}, but {TargetName} manages to leap out of the way of her attempted strike, {AttackerName} lands gracefully, and skids to a halt with a small smile.",
    "statusOutcome": "",
    "statusMiss": "",
    "restraintStruggle": "",
    "restraintStruggleCharmed": "",
    "restraintEscaped": "",
    "restraintEscapedFail": ""
}
