{
    "name": "Bunny Hop",
    "cost": "0",
    "costType": "ep",
    "requiredLevel": "0",
    "learningCost": "0",
    "skillType": "attack",
    "statType": "Power",
    "requiredStat": "0",
    "skillTags": [ "Mouth", "Pain"],
    "fetishTags": [ "Ass"],
    "startsStance": "Face Sit",
    "requiresStance": "Any",
    "unusableIfStance": [ "Any"],
    "requiresTargetStance": [ "Any"],
    "unusableIfTarget": [ "Penetration", "Face Sit", "Making Out", "Titfuck"],
    "removesStance": "None",
    "requiresStatusEffect": "None",
    "requiresStatusPotency": "0",
    "unusableIfStatusEffect": [ "Restrain"],
    "power": "20",
    "minRange": "90",
    "maxRange": "110",
    "recoil": "20",
    "targetType": "single",
    "statusEffect": "Aphrodisiac",
    "statusChance": "100",
    "statusDuration": "6",
    "statusPotency": "20",
    "statusResistedBy": "Willpower",
    "statusText": "",
    "descrip": "",
    "outcome": "{AttackerName} suddenly leaps towards {TargetName} with {AttackerHisOrHer} plump ass extending towards {TargetHimOrHer}. {AttackerName} lands butt first into {TargetName}'s face, who quickly falls backwards from the combined force and weight of the bunny girl!|n|{AttackerName} laughs as {AttackerHeOrShe} gives her bountiful rear a jiggly shake on {TargetName}'s face, leaving {TargetHimOrHer} to let out a muffled incoherent moan as you drink her aphrodisiac juices.",
    "miss": "{AttackerName} suddenly leaps towards {TargetName} with {AttackerHisOrHer} plump ass extending towards {TargetHimOrHer}, but {TargetName} manages to leap out of the way of the curvy rear before it can strike, {AttackerName} lands gracefully, and skids to a halt with a small smile.",
    "statusOutcome": "You taste the sweet product of her dripping sex as it is pressed against your mouth and it lights a fire of desire in your loins as you begin to drink as much of it as you can get.",
    "statusMiss": "",
    "restraintStruggle": "",
    "restraintStruggleCharmed": "",
    "restraintEscaped": "",
    "restraintEscapedFail": ""
}
