{
    "name": "Hypnotic Cleavage",
    "cost": "0",
    "costType": "ep",
    "requiredLevel": "0",
    "learningCost": "0",
    "skillType": "attack",
    "statType": "Allure",
      "statusEffectScaling": "0",
    "requiredStat": "0",
    "skillTags": [ "Seduction"],
    "fetishTags": [ "HypnosisAddict", "Breasts"],
    "startsStance": [""],
    "requiresStance": "Any",
    "unusableIfStance": [ "Any"],
    "requiresTargetStance": [ "Any"],
    "unusableIfTarget": [ ""],
    "removesStance": ["None"],
    "requiresStatusEffect": "None",
    "requiresStatusPotency": "0",
    "unusableIfStatusEffect": [ "None"],
      "requiresStatusEffectSelf": "None",
      "requiresStatusPotencySelf": "0",
      "unusableIfStatusEffectSelf": [ "None"],

      "requiresPerk": [ ],
      "requiresOnePerk": [ ],
      "unusableIfPerk": [ ],
      "requiresPerkSelf": [ ],
      "requiresOnePerkSelf": [ ],
      "unusableIfPerkSelf": [ ],
    "power": "30",
    "minRange": "90",
    "maxRange": "120",
    "recoil": "0",
      "critChance": "0",
      "critDamage": "0",
    "targetType": "single",
      "accuracy": "0",
      "initiative": "0",
    "statusEffect": "Trance",
    "statusChance": "100",
    "statusDuration": "1",
    "statusPotency": "2",
    "statusResistedBy": "Willpower",
    "statusText": "",
    "descrip": "",
    "outcome": "{AttackerName}'s volumptuous breasts sway back and forth before your eyes and the longer you stare at her breasts the more you seem to lose yourself and want to massage them...",
    "miss": "{AttackerName} sway's her breasts back and forth and mutters sweet nothings to {TargetName}, however {TargetName} looks away before losing themself into {AttackerName}'s volumptuous breasts. {AttackerName} pouts a bit seeing {AttackerHisOrHer} attempt has failed.",
    "statusOutcome": "",
    "statusMiss": "",
    "restraintStruggle": [""],
    "restraintStruggleCharmed": [""],
    "restraintEscaped": [""],
    "restraintEscapedFail": [""]
}
