{
    "name": "Rabbits Mating Bounce",
    "cost": "0",
    "costType": "ep",
    "requiredLevel": "0",
    "learningCost": "0",
    "skillType": "attack",
    "statType": "Allure",
    "requiredStat": "0",
    "skillTags": [ "Sex"],
    "fetishTags": [ "Sex", "Breasts", "HypnosisAddict"],
    "startsStance": "",
    "requiresStance": "Sex",
    "unusableIfStance": [ "Titfuck", "Blowjob"],
    "requiresTargetStance": [ "Any"],
    "unusableIfTarget": [ "Anal"],
    "removesStance": "None",
    "requiresStatusEffect": "None",
    "requiresStatusPotency": "0",
    "unusableIfStatusEffect": [ "Sleep"],
    "power": "55",
    "minRange": "90",
    "maxRange": "110",
    "recoil": "20",
    "targetType": "single",
    "statusEffect": "Trance",
    "statusChance": "100",
    "statusDuration": "1",
    "statusPotency": "2",
    "statusResistedBy": "Willpower",
    "statusText": "",
    "descrip": "",
    "outcome": "{AttackerName} bends down, curving {AttackerHisOrHer} back before relentlessly pounding your cock into her dripping pussy while her breasts hang in front of your eyes and almost mesermize you with the way they move while she relentlessly pounds your manhood.",
    "miss": "{AttackerName} bends down, curving {AttackerHisOrHer} back before pounding your relentlessly into her dripping pussy while her breasts hang before your eyes attempting to draw you in and mesmerize you. However your eyes are closed as the only way to prepare yourself for thet pleasure was to close your eyes and grit your teeth!",
    "statusOutcome": "",
    "statusMiss": "",
    "restraintStruggle": "",
    "restraintStruggleCharmed": "",
    "restraintEscaped": "",
    "restraintEscapedFail": ""
}
