{
   "name":"The White Rabbit",
   "IDname":"The White Rabbit",
   "species":"Demonic Beast",
   "gender":"female",
   "description":"A clothed woman with pale skin, red eyes, small-ish bat wings attatched to her clothing, short white hair, and two large fluffy bunny ears. Her smile seems lustful upon seeing you, she carries a pocket watch in her open hand near her face that she seems to be compulsively checking. Her huge breasts swell with every step that she takes walking towards you almsot as much as her hips sway while she seductively walks. Her outfit is similar to that of a magician minus the hat.",
   "encyclopedia":"A rare sight and tends to run around believing themself to be late to get somewhere, however where she is late to has yet to be discovered. Almost no adventerur has been able to make contact long enough to engage her in combat and identify her abilities.",
   "tags":"none",
   "generic":"False",
   "requires":[
      ""
   ],
   "skillList":[
      "Hypnotic Cleavage",
      "Rabbits Mating Bounce",
      "Hypnotic Kiss",
      "Loving Kiss",
      "Entrancing Bounce",
      "Bunny Bounce",
      "Bunny Hop",
      "Mind Crushing Embrace",
      "Charming Kiss Swarm",
      "Bunnys Loving Embrace"
   ],
   "perks":[
      "Anal Adverse",
      "Sex Adept",
      "Sex Expert",
      "Sex Master",
      "Seductive Dynamo",
      "Schemer",
      "Sexual Momentum",
      "Semen Eater",
      "Unbounded",
      "Semen Frenzy"
   ],
   "stats":{
      "lvl":"50",
      "Exp":"1000",
      "max_hp":"1000",
      "max_ep":"20",
      "max_sp":"1",
      "Power":"30",
      "Technique":"25",
      "Intelligence":"25",
      "Allure":"40",
      "Willpower":"25",
      "Luck":"15"
   },
   "Fetishes":[
      ""
   ],
   "BodySensitivity":{
      "Sex":"25",
      "Ass":"125",
      "Breasts":"50",
      "Mouth":"75",
      "Seduction":"125",
      "Magic":"175",
      "Pain":"115",
      "Holy":"150",
      "Unholy":"100"
   },
   "resistancesStatusEffects":{
      "Stun":"15",
      "Charm":"20",
      "Aphrodisiac":"100",
      "Restraints":"50",
      "Sleep":"75",
      "Trance":"0",
      "Paralysis":"0",
      "Debuff":"0"
   },
   "moneyDropped":"4500",
   "ItemDropList":[
      {
         "name":"Silver Rune",
         "dropChance":"75"
      },
      {
         "name":"Strange Watch",
         "dropChance":"25"
      }
   ],
   "combatDialogue":[
      {
         "lineTrigger":"HitWith",
         "move":[
            "Penetrate"
         ],
         "theText":[
            "{TargetName}'s eyes light-up as {TargetHisOrHer} leg muscles tense up ready to give {AttackerName} the ride of {AttackerHisOrHer} life."
         ]
      },
      {
         "lineTrigger":"HitWith",
         "move":"Anal Penetration",
         "theText":[
            "The White Rabbit looks shocked and moans a bit saying, 'N-not in there! This always makes my tail numb for days!' As she begins to attempt to struggle out of your grip."
         ]
      },
      {
        "lineTrigger":"HitWith",
        "move":"Arousero",
        "theText":[
          "{TargetName}'s face blushes deeply as {TargetHeOrShe} moans loudly as {TargetHeOrShe} caresses one of {TargetHisOrHer} breasts and begins to finger {TargetHisOrHer} dripping pussy."
        ]
      },
      {
        "lineTrigger":"HitWith",
        "move":"Electrify",
        "theText":[
          "{TargetName} moans loudly as {TargetHeOrShe} begins to fervently grope {TargetHisOrHer} own breasts and {TargetHisOrHer} nipples visibly harden."
        ]
      },
      {
        "lineTrigger":"HitWith",
        "move":"Arouse",
        "theText":[
          "{TargetName} lightly blushes as {TargetHeOrShe} defiently states, 'Y-you think this is enough to stop me?!'"
        ]
      },
      {
        "lineTrigger":"HitWith",
        "move":"Arousara",
        "theText":[
          "{TargetName} blushes a deep crimson as a quite moan escapes {TargetHisOrHer} mouth. As {TargetHeOrShe} bites {TargetHisOrHer} lower lip and crossing {TargetHisOrHer} legs."
        ]
      },
      {
        "lineTrigger":"AutoCounter",
        "move":"Distract",
        "theText":[
          "|f|CallCombatEventAndScene|/|WhiteRabbitCombatEvents|/|Focused|n|"
        ]
      },
      {
        "lineTrigger":"HitWith",
        "move":"Teleport",
        "theText":[
          "{TargetName} falls to the ground stunned before picking {TargetHimOrHer}self up and stating, 'Can't run forever my sweet hero~.'"
        ]
      },
      {
        "lineTrigger":"StanceStruggleFail",
        "move":"Anal",
        "theText":[
          "You are unable to pry your cock free from her tight muscular ass."
        ]
      },
      {
         "lineTrigger":"StanceStruggleFail",
         "move":[
            "Sex"
         ],
         "theText":[
            "The White Rabbit chuckles as she pulls you closer and presses her bust against you more, while wrapping a leg around your back making it much harder for you to escape."
         ]
      },
      {
         "lineTrigger":"StanceStruggleFail",
         "move":[
            "Making Out"
         ],
         "theText":[
            "As you try to pull away her arms lock aroud your neck. You feel yourself being drawn back into her intoxicating lips, as you feel more of yourself slipping away with each kiss."
         ]
      },
      {
        "lineTrigger":"StanceStruggleFail",
        "move":[
          "Breast Smother"
        ],
        "theText":[
          "As you attempt to pull your head away from {AttackerHimOrHer} pillowy, cavernous bust. As {AttackerHeOrShe} places a hand on the back of {TargetName}'s head and begins lightly stroking {TargetHisOrHer} hair. Her voice slowly trickles into your mind like honey over toast,"
        ]
      },
     {
      "lineTrigger":"StanceStruggleComment",
      "move":"Breast Smother",
      "theText":[
        "Now now my sweet hero~ let all your thoughts melt away in breasts~.♥"
      ]
     },
    {
      "lineTrigger":"StanceStruggleFree",
      "move":"Breast Smother",
      "theText":[
        "You manage to pry yourself away from her pillowy tits."
      ]
    },
    {
      "lineTrigger":"StanceStruggleFreeComment",
      "move":"Breast Smother",
      "theText":[
        "You know you won't be able to resist returning to my heavenly tits my sweet hero~♥."
      ]
    },
    {
      "lineTrigger":"StanceStruggleFree",
      "move":"Anal",
      "theText":[
        "You manage to pry your cock free from her tight muscular ass."
      ]
    },
    {
      "lineTrigger":"StanceStruggleFreeComment",
      "move":"Anal",
      "theText":[
        "Ooooohhhh now my ass hurts and my tail is numb! Oh you are going to get it now! Aaaaaaaaand~ I am going to get your semen!"
      ]
    },
    {
      "lineTrigger":"StanceStruggleFree",
      "move":"Sex",
      "theText":[
        "You pry your cock from her tight pussy as she pouts at the loss of your heroic cock. She crosses her arms and says,"
      ]
    },
    {
      "lineTrigger":"StanceStruggleFreeComment",
      "move":"Sex",
      "theText":[
        "I wasn't finished with that! I will forgive you now if you get on your knees and apologize then ask to be my ♥sweet♥ hero again."
      ]
    },
    {
      "lineTrigger":"StanceStruggleFree",
      "move":"Making Out",
      "theText":[
        "You manage to pry your lips away from hers as you see a strand of saliva connecting your mouths for a brief moment. She smiles and wipes her mouth before saying,"
      ]
    },
    {
      "lineTrigger":"StanceStruggleFreeComment",
      "move":"Making Out",
      "theText":[
        "You wont be able to resist me for much longer my sweet hero~♥. You won't escape my kisses next time.♥"
      ]
    },
      {
         "lineTrigger":"LowHealth",
         "move":"",
         "theText":[
            "'This isn't how this is supposed to go at all! I am supposed to be draining your balls until you are a quivering mess and I make {i}you{/i} serve {i}me{/i}!'"
         ]
      },
      {
         "lineTrigger":"PlayerLowHealth",
         "move":"",
         "theText":[
            "'Thats right my sweet hero, give in to me...♥'"
         ]
      },
      {
         "lineTrigger":"OnPlayerOrgasm",
         "move":"Sex",
         "theText":[
            "You continue thrusting as you feel an orgasm approaching and you realease as you hilt yourself in  White Rabbit's pussy and her eyes light up as she says, 'Thats right give it all to me my sweet hero ♥ and shoot it nice and deep inside me~♥.' Her pussy seems to almost suck the semen from your cock. You feel your balls drain deep inside her."
         ]
      },
      {
         "lineTrigger":"OnPlayerOrgasm",
         "move":"",
         "theText":[
            "You feel a climax rushing forward as you shudder feeling it coming hard and fast as The White Rabbit whispers into your ear, 'Thats right my sweet hero, cum for me ♥... Serve to feed me. ♥♥♥' Hearing this you cum all over The White Rabbit with a loud moan as she begins to absorb it."
         ]
      },
      {
         "lineTrigger":"onOrgasm",
         "move":"Sex",
         "theText":[
            "You feel White Rabbit's pussy begin to spasm as her pussy suddenly clamps down on your cock. You suddenly lose all the air in your lungs in a moment of bliss as she hugs you tightly pressing her volumptuous bust against your body and her pussy holds your cock in a vice grip for a moment.|n| A primal cry of pleasure from the throat of White Rabbit echo's through the forest. 'Y-yessss my sweeeEEEeeEEet heroooOOO that is the spooooot! Make me cum with your heroOOooic c-cocK!'"
         ]
      },
      {
         "lineTrigger":"onOrgasm",
         "move":"",
         "theText":[
            "White Rabbit spasms briefly and releases a primal howl of pleasure as she reaches a powerful climax. Her breasts heave as her breathing becomes deeper and a small droplet of drool begins to roll down from her mouth while her tongue hangs out. Her eyes roll back a bit from the brief moment of pure pleasure."
         ]
      },
      {
         "lineTrigger":"OnSurrender",
         "move":"",
         "theText":[
            "'So you came here just to serve me a hearty meal? ♥ Perfect... Now stay perfectly still while I Milk. You. Dry...♥♥♥'"
         ]
      }
   ],
   "lossScenes":[
      {
         "NameOfScene":"Sex Win",
         "move":"",
         "stance":"Sex",
         "includes":[
            "The White Rabbit"
         ],
         "theScene":[
            "The White Rabbit pulls your head into her pillowy soft breasts as she places one hand on your back and one hand on the back of your head.|n|The hand on your back begins to lightly scratch your back as the hand on the back of your head begins to slowly stroke your hair as she lowers her head directly next to your ear and her words flow into your mind and send a shiver down your spine.",
            "Speaks",
            "Give me everything your balls have in them and it will feel magical.♥ My sweet hero~♥.",
            "Right after hearing this she begins to bounce up and down relentlessly on your cock as you lose yourself in the pleasure of her tight dripping pussy that only seems to grow tighter as she rides you.",
            "Her relentless thrusts and breasts bouncing your head up and down put you into a mindless state of pleasure. No thoughts drift through your head as you drift off to a state of pleasure as the rippling of her breasts put you at ease.",
            "The White Rabbit pulls your head deeper into her bust and slams herself onto your cock hilting yourself entirely inside her as you feel her entire pussy tighten and a white hot ecstacy burns its way into your mind.",
            "Speaks",
            "Give me your {i}virile{/i} semen my sweet hero~♥♥♥ and become mine.♥",
            "Upon hearing the whisper of The White Rabbit you release everything left within your balls directly into the enterance of her womb. Painting her insides with your all the semen you have left.|n| The hand on the back of your head tightens into a fist as she lightly pulls your hair. You release a small moan as the unexpected grip on your hair pulls your head up from her bust to look directly into her eyes and opens your mouth. |n| The White Rabbit takes this opportunity to feed you more of her aphrodisiac saliva and drain the little bit of semen you are capable of producing in the last few minutes you have left before you fade away.|n| Just before you fade away as you release a weak trickle of semen into The White Rabbit you feel her pussy tighten and spasm as she reaches her own orgasm as she looks into your eyes and sees she has broken you.",
            "Speaks",
            "OOOOoooooh... Good Boy~♥",
            "...",
            "ChangeSensitivity",
            "Sex",
            "20",
            "ChangeFetish",
            "Sex",
            "10",
            "ChangeFetish",
            "Breasts",
            "5"
         ],
         "picture":""
      },
      {
        "NameOfScene":"MakeOutWin",
        "move": "",
        "stance": "Making Out",
        "includes":[
          "The White Rabbit"
        ],
        "theScene":[
          "You quiver in the hands of The White Rabbit who breaks the kiss you two have been passionately sharing for what feels like an eternity. You feel a line of drool falling down your face as you feel your mouth remain open with your tongue still sticking out as The White Rabbit's face dominates your vision as a strand of saliva connects your tongues.",
          "She smiles as she presses her bust into you and licks her lips hungrily staring back at you. Her voice sounds like that of the goddess in this moment of bliss as she says,",
          "Speaks",
          "Now my sweet hero, I am going to stroke your cock that just a moment ago was so backed up from my saliva while I pop this chocolate I got from an ♥Old Friend♥ and mix its aphrodisiac with my own. Then I am going to flood your system with as much aphrodisiac as you can handle and then some.~♥",
          "In her hand she holds something you recognize to be a sweet from Bon Bon Bun! Not just any sweet, one of the stronger ones that you couldn't order. The White Rabbit wastes no moment pressing it into her mouth as seductively as possible sending a shiver down your spine.",
          "As she melts the chocolate in her mouth her hand absent mindedly drifts down your sternum grazing you lightly the whole way down sending yet another shiver down your whole body. Her hand stops at your cock as she begins to idlely play with it in one hand as she melts the chocolate in her mouth.",
          "What feels like an hour passes as your rigid shaft is toyed with slowly by the woman before you, at some point you closed your eyes and grit your teeth as she keeps denying you release. When you cannot take anymore your eyes open to see The White Rabbit's cheeks pressed outwards and her lips puckered.",
          "She looks at you expectently as you pucker your lips and she immediately brings her lips to yours in a intense kiss. It starts out like a normal kiss however once your mouth opens to greet her tongue a flood of her sweet saliva now flavored by the chocolate as you gulp down as much as possible.",
          "Drinking the divine liquid causes your cock to start burning with desire and your brain to short circuit. Your eyes roll back in this intense dry orgasm from the pure intensity of the aphrodisiac combiantion forced into your system.",
          "The White Rabbit empties the contents of her mouth directly into your throat as you greedily swallow all of it. She breaks the kiss blushing intensly as she looks down at your face, eyes rolled back and tongue hanging free.",
          "Speaks",
          "Look at you... I bet your balls are just bursting with semen and any second now you are going to cum more than any other time in your life huh? Well I can't let all that {i}thick and creamy{/i} semen go to waste~♥♥♥",
          "The White Rabbit lowers her head onto your aching shaft as her plush lips wrap around your cock forming an air tigt seal as her tongue circles the head of your cock expectently.",
          "You last for seconds recieving this treatment as suddenly you release what can only be described as a never ending torrent of semen that The White Rabbit responds to by taking the rest of your cock in her mouth.",
          "You nearly black out as your entire length gets swallowed by The White Rabbit and the torrent only quickens in pace as she simply allows it to flood into her stomach.",
          "You two hold this position for minutes that feel like hours, her arms wrapped around your hips and lips locked around the base of your cock and your eyes rolled back and drool rolling off your tongue and down your face.",
          "The torrent reaches its trickling end just as you are about to black out. Just before you do feel The White Rabbit lips rising up your length and release it with a wet pop.",
          "Her eyes glow with renewed vigor as she bends down over you and gives you a kiss on the cheek then whispers in your ear in a almost lustful tone,",
          "Speaks",
          "Thank you for the {i}meal{/i} my sweet hero~♥.",
          "...",
          "ChangeSensitivity",
          "Mouth",
          "20",
          "ChangeSensitivity",
          "Sex",
          "5",
          "ChangeFetish",
          "Kissing",
          "10",
          "ChangeFetish",
          "Oral",
          "5"
        ],
        "picture":""
      },
      {
         "NameOfScene":"Hypno Win",
         "move":"",
         "stance":"",
         "includes":[
            "The White Rabbit"
         ],
         "theScene":[
            "As you lay, no longer able to resist the advances of The White Rabbit as she pulls down her top revealing her breasts fully as they sway once more. The light shining off of her breasts and the sweat droplets that have formed there drives all thoughts that aren't her pillowy breasts out of your mind.|n| No thoughts come to your head, all you see and feel is The White Rabbit's volumptuous bust and the burning desire to let her {i}use{/i} you dominate your mind. You feel your cock rise to attention as all control you once had over your body is taken away.",
            "Speaks",
            "My sweet hero you are now under my control~♥. Now when I tell you to you will release all the tension in your body, laying down and surrendering your body... and your seed to me.♥ Now give yourself over to me {i}my sweet hero{/i}.",
            "The words 'My sweet hero' ring in your empty mind filling you with submissive pleasure as you feel your body hit the ground. You cock still erect is freed from your pants as The White Rabbit removes your clothes.",
            "Speaks",
            "We won't be needing your clothes anymore. Now when I say those words you seem to love so much you are going to release all that pent up semen into my pussy, you cannot cum until I say those magic words. However until then I will turn up your senses and you will feel {i}everything{/i}.",
            "After saying that The White Rabbit sinks her hot dripping pussy down onto your cock. Pleasure shoots through your body directly to your brain like a bolt of lightning as your whole nervous system lights up with pleasure. |n| You feel every single fold of her pussy and every single drop of her juices onto your pelvis. All you want is to release as you feel the semen in your balls bubbling up and forcing itself against an unseen barrier.|n| The White Rabbit then bends over and plants a long. Wet. Kiss. Onto your lips forcing you to drink her aphrodisiac saliva drastically increasing your semen production as you suddenly feel pain.|n| Unbearable pain as the unseen barrier still holds back your now overflowing cock, fully unable to cum. Seeing you squirm beneath her, the hero she had broken, The White Rabbit reaches her own climax slamming herself down onto your pelvis as she screams.",
            "Speaks",
            "Ooooooh y-yes {i}my sweet slave hero{/i}♥! Serve me your semen and your mind!",
            "When she slams down her pussy clamps down on your cock shooting electric pleasure right to your brain. That combined with hearing the words, 'my sweet {i}slave{/i} hero', the pain is gone as all the bubbling, churning semen deep within your balls floods outwards.|n| You cum in a single, powerful stream in an incredible moment of raw, primal, submissive pleasure. In an instant your balls are as empty as can be and you fall back exhaused and broken.|n| The White Rabbit sees you are spent and leans down planting a light kiss on your lips as her next words slowly flood your mind like sweet honey,",
            "Speaks",
            "♥Good job my sweet little {i}slave{/i}~.♥",
            "...",
            "ChangeSensitivity",
            "Seduction",
            "20",
            "ChangeSensitivity",
            "Sex",
            "15",
            "ChangeFetish",
            "Sex",
            "5",
            "ChangeFetish",
            "Seduction",
            "5"
         ],
         "picture":""
      }
   ],
   "victoryScenes":[
      {
         "NameOfScene":"SexLoss",
         "move":"",
         "stance":"Sex",
         "includes":[
            "The White Rabbit"
         ],
         "theScene":[
            "The White Rabbit quivers beneath you as you begin to thrust your cock deep into her each thrust causing her pussy to spasm on every single vein in your cock.",
            "She moans incoherent words as you grasp her breasts revealing her nipples and bringing one to your lips and beginning to suckle on it. Doing this cauases her to shudder, moaning loudly and her pussy to become as tight as a vice on your cock.",
            "You thrust much slower as in your other hand you grope her other large breast and play with her rapidly hardening nipple with your thumb. You feel her pussy juices flowing almost nonstop as you piston her devilishly tight pussy.",
            "You remove her nipple from your mouth and place both of your hands on her ankles and raise them until they are above her head. Her deep red eyes flash in a moment of terror recognizing the position you have put her in, for an instant she tries to speak to beg you to not do this.",
            "However all that comes out of her mouth is a long drawn out moan as you slowly pullout of her tight dripping pussy until the head is pressed against her entrance. Then you thrust into her as the moan that just escaped her lips turns into a scream of climax as her pussy instantly forms around your cock and compresses.",
            "You throw your heads back together and scream your primal howl of ecstacy together as you both achieve climax. You hilt yourself into her tight pussy, unleashing a torrent of semen that you have been building since the last time you came.",
            "You draw your cock from The White Rabbit's now quivering pussy as you notice your semen dripping out of her pussy and mixing with her own cum. As you look at the face of The White Rabbit and see she is still in the throws of a raging orgasm as her tongue is sticking straight out of her mouth and her eyes are rolled back.",
            "A moment passes and her orgasm subsides as she catches her breath before she fades away she manages to mutter below her breath,",
            "Speaks",
            "Th-that was too much c-cum ♥ yo-your gonna get me pregnant like this... Now I'm going to be even more late than before..."
         ],
         "picture":""
      },
      {
        "NameOfScene":"Default",
        "move":"",
        "stance":"",
        "includes":[
          "The White Rabbit"
        ],
        "theScene":[
          "The White Rabbit collapses under your touch, causing her to fall into your arms as a powerful climax ripples accross her body causing her to moan loudly. Her dripping sex producing an enticing smell that causes a devious idea to form within your mind.",
          "You lay her on the ground as you shift her clothes to view her drenched sex. A wild blush spreads across The White Rabbit's face as you smell her aphrodisiac laced fluids. You remove your pants and reposition yourself so The White Rabbit, in her pleasure drunk state can devour your cock as you dig into her dripping sex.",
          "Your first taste of her honey pot sends a wave of pleasure that causes your cock to twitch as The White Rabbit to lock her lips around the head of your cock and begin to greedily devour it. You taste ambrosia the more her honeypot gives away its deliscious bounty.",
          "Your tongue digs as deep into her tight still spasming pussy tasting every inch her honeypot has to offer. While you pleasure the sensitive monster girl, she pleasures you by taking your whole length down her throat all the way to the base and retracting back the whole way only to return to the hilt.",
          "The White Rabbit's pussy begins to tighten as you feel the aphrodisiac's of her fluids begin to reach their full effect. You lock your lips around her love button and suck causing her to quiver with pleasure, when you feel this you stop sucking her love button and catch as much of her juices as possible. Similarly as she climaxes she removes the majority of your length from her mouth.",
          "She grasps your shaft in one hand and the other hand begins to massage your balls as she locks her lips around the head of your cock. She then greedily strokes your length, massages your balls and circles the head of your cock with her tongue causing you to release into her mouth she releases into yours.",
          "You roll off of her as you both revel in the afterglow. Her body glistening in sweat and her face pleasure drunk as she begins to magically fade away. As she does you hear her mutter something in a low, exhausted tone.",
          "Speaks",
          "Thank you for the meal~...♥"
        ],
        "picture":""
      }
   ],
   "pictures":[
      {
         "Name":"The White Rabbit",
         "StartOn":"1",
         "AlwaysOn":"1",
         "IsScene":"0",
         "TheBody":"1",
         "Overlay":"No",
         "setXalign":"0.0",
         "setYalign":"0.3",
         "Images":[
            {
               "Name":"White_Rabbit",
               "File":"../Mods/Wonderland/Images/White_Rabbit.png",
               "setXalign":"0.0",
               "setYalign":"0.0"
            }
         ]
      }
   ]
}
