{
    "name": "Concentrated Entrancing Spores",
    "cost": "0",
    "costType": "ep",
    "requiredLevel": "0",
    "learningCost": "0",
    "skillType": "attack",
    "statType": "",
      "statusEffectScaling": "0",
    "requiredStat": "0",
    "skillTags": [ ""],
    "fetishTags": [ ""],
    "startsStance": [""],
    "requiresStance": "Any",
    "unusableIfStance": [ ""],
    "requiresTargetStance": [ "Any"],
    "unusableIfTarget": [ ""],
    "removesStance": ["None"],
    "requiresStatusEffect": "None",
    "requiresStatusPotency": "0",
    "unusableIfStatusEffect": [ "None"],
      "requiresStatusEffectSelf": "None",
      "requiresStatusPotencySelf": "0",
      "unusableIfStatusEffectSelf": [ "None"],

      "requiresPerk": [ ],
      "requiresOnePerk": [ ],
      "unusableIfPerk": [ ],
      "requiresPerkSelf": [ ],
      "requiresOnePerkSelf": [ ],
      "unusableIfPerkSelf": [ ],
    "power": "0",
    "minRange": "0",
    "maxRange": "0",
    "recoil": "0",
      "critChance": "0",
      "critDamage": "0",
    "targetType": "single",
      "accuracy": "0",
      "initiative": "0",
    "statusEffect": "Trance",
    "statusChance": "150",
    "statusDuration": "1",
    "statusPotency": "10",
    "statusResistedBy": "Willpower",
    "statusText": "",
    "descrip": "",
    "outcome": "",
    "miss": "",
    "statusOutcome": "{AttackerName} seductively traces {AttackerHisOrHer} hands all over {AttackerHisOrHer} body. Drawing the most concentrated spores {AttackerHeOrShe} can creat and blows them into {TargetName}'s face.",
    "statusMiss": "{TargetName} was able to hold {TargetHisOrHer} breath!",
    "restraintStruggle": [""],
    "restraintStruggleCharmed": [""],
    "restraintEscaped": [""],
    "restraintEscapedFail": [""]
}
