{
    "name": "HatterCombatEvents",
    "CardType": "",
    "CardLimit": "0",
    "Description": "",
    "requires": [ ""],
    "Speakers": [
                  {
                    "name": "Hatter",
                    "postName": "",
                    "SpeakerType": "Monster"
                  }

                ],
    "EventText": [
                    {
                        "NameOfScene": "TeaCupDrop",
                        "theScene": [  "IfHasItem", "Tea Cup", "FadesAway",
                          "As the Hatter fades away the Tea Cup she has been drinking from has dropped from her hand and all the tea has spilled out of it onto the ground. As she fades away it stays and you pick it up and examine the strange symbols on it.",
                          "GiveItemQuietly", "1", "Tea Cup"
                                  ]
                    },
                    {
                      "NameOfScene":"FadesAway",
                      "theScene":"As the Hatter fades away you take notice of her tableware that strangely fades as well as her..."
                    },
                    {
                      "NameOfScene":"MagicCounter",
                      "theScene":["SkipPlayerAttack",
                        "As you make a motion to cast an ability to arouse or hinder the Hatter her hands rise up. Drawing a sigil in the air as your magic fizzles.",
                        "Speaks",
                        "Your magic is not going to work against me~.♥ Guess I need to paralyze you since you are so resistant right now...",
                        "ApplyStatusEffect",
                        "Paralysis Spores",
                        "Speaks",
                        "Now just lay back and enjoy~.♥",
                        "ApplyStatusEffect",
                        "Entrancing Spores"
                      ]
                    },
                    {
                      "NameOfScene":"AphrodisiacCounter",
                      "theScene":["SkipPlayerAttack",
                        "You make your prep to release your aphrodisiac, however as you do you are met with a blast of multicolored spores.",
                        "ApplyStatusEffect",
                        "Entrancing Spores",
                        "ApplyStatusEffect",
                        "Lecherous Spores",
                        "You feel burning in your loins as your brain begins to only focus on your lust for the Hatter before you.",
                        "Speaks",
                        "Your little trick would not have worked. Trust me. But now it just means I need to train you better my hero~.♥"
                      ]
                    },
                    {
                      "NameOfScene":"HeadpatCounter",
                      "theScene":["SkipPlayerAttack",
                        "You go to pat the head of the Hatter, however you find yourself trying to pat her... hat..."
                      ]
                    },
                    {
                      "NameOfScene":"ElegantInvitation",
                      "theScene":["SetPostName", " - Elegant Invitation",
                        "HitPlayerWith", "Smoldering Seduction",
                        "FocusedSpeaksSkill",
                        "The Hatter sits back and spreads her perfect pussy with a elegantly flirtatious smile. Her sleek pussy glistening in the light, enticing you to penetrate her.{DamageToPlayer}",
                        "FocusedSpeaksSkill",
                        "SwapLineIf", "Random",
                          "'My pussy is so wet for you hero~,♥ please come fuck me~.♥'",
                          "'Plant your seed in my fertile womb hero~.♥'",
                          "'Please ravish me hero~.♥'",
                        "EndLoop",
                        "SetPostName",
                        "",
                        "IfHasPerk", "Mushroom Head", "ForcedFailElegant",
                        "IfFetishLevelEqualOrGreater", "Ass", "25", "ForcedCheckElegant",
                        "IfFetishLevelEqualOrGreater", "Sex", "25", "ForcedCheckElegant",
                        "IfPlayerHasStatusEffect", "Charm", "ForcedCheckToxic",
                          "JumpToScene", "TemptedMenuElegant"
                      ]
                    },
                    {
                      "NameOfScene":"ForcedCheckElegant",
                      "theScene":["Your burning desire begins to overwhelm your brain as you begin to internally fight for control...",
                        "StatCheck",
                          "ChangeStatCheckDifficulty", "IfFetishLevelEqualOrGreater", "Ass", "50", "3",
                          "ChangeStatCheckDifficulty", "IfFetishLevelEqualOrGreater", "Ass", "75", "4",
                          "ChangeStatCheckDifficulty", "IfFetishLevelEqualOrGreater", "Ass", "100", "5",
                          "ChangeStatCheckDifficulty", "IfFetishLevelEqualOrGreater", "Sex", "50", "3",
                          "ChangeStatCheckDifficulty", "IfFetishLevelEqualOrGreater", "Sex", "75", "4",
                          "ChangeStatCheckDifficulty", "IfFetishLevelEqualOrGreater", "Sex", "100", "5",
                          "ChangeStatCheckDifficulty", "IfPlayerHasStatusEffect", "Charm", "4",
                          "Temptation",
                          "10",
                          "TemptedMenuElegant",
                          "Fail",
                          "Fuck Her!"
                      ]
                    },
                    {
                      "NameOfScene":"ForcedFailElegant",
                      "theScene":["HitPlayerWith", "Smoldering Seduction",
                        "The sight of this woman... this mad... elegant... sensual woman, sitting naked beckoning you to fuck her, has driven all reason from your mind. Your manhood twitches with lust as you feel yourself begin to walk forward.{DamageToPlayer}",
                        "HitPlayerWith", "Sensual Gyration",
                          "ApplyStance", "Sex",
                          "You walk forward and feel your arms wrap around the back of the Hatter as you sheathe your cock into her slit. She wraps her arms around you and plants a kiss on your cheek as she begins to gyrate her hips on your cock.{DamageToPlayer}"

                      ]
                    },
                    {
                      "NameOfScene":"Fuck Her!",
                      "theScene":["HitPlayerWith", "Sensual Gyration",
                        "ApplyStance", "Sex",
                        "You walk forward and feel your arms wrap around the back of the Hatter as you sheathe your cock into her slit. She wraps her arms around you and plants a kiss on your cheek as she begins to gyrate her hips on your cock.{DamageToPlayer}"
                      ]
                    },
                    {
                      "NameOfScene":"TemptedMenuElegant",
                      "theScene":["Menu",
                          "Fuck Her!",
                          "Ignore her.",
                        "EndLoop"
                      ]
                    },
                    {
                      "NameOfScene":"Ignore her.",
                      "theScene":["You ignore the sensual Hatter's invitation, her elegant smile falls as she glares at you with lust in her eyes.",
                        "FocusedSpeaks",
                        "SwapLineIf", "Random",
                          "Maybe you can brush me off this time, but what about the next?♥",
                          "I will get your cock inside me~.♥",
                          "Maybe a few of my spores will change your mind.♥",
                        "EndLoop"
                      ]
                    }
                ]
}
