{
    "name": "Mysterious Stranger!",
    "CardType": "Quest",
    "CardLimit": "0",
    "Description": "A mysterious woman as been seen wandering around the south western edge of the Mystic Forest. Go check it out!",
    "requires": [ "Strange Watch"],
    "Speakers": [
                  {
                    "name": "Hatter",
                    "postName": "",
                    "SpeakerType": "Monster"
                  },
                  {
                    "name":"Mysterious Woman",
                    "postName":"",
                    "SpeakerType":"?"
                  }
                ],
    "EventText": [
                    {
                        "NameOfScene": "EventStart",
                        "theScene": [
                          "ChangeBGM", "music/Forest/Elven-Sanctuary_loop.ogg",
                          "You continue to skirt around the interior of the south western side of the Mystic Forests in search of the mysterious woman you have been sent to find.",
                          "As you stick close you hear the sound of clinking tableware from a nearby clearing.",
                          "You cautiously approach the clearing and find what appears to be a young ish woman wearing a large hat, pant suit and appears to be holding a cup of tea. She sits on a rock in front of a large tree stump that appears to have a tea pot and a small plate of cookies.",
                          "DisplayCharacters",
                            "1",
                          "EndLoop",
                          "As you approach you notice a air of elegance to the woman. As well as something floating lazily around the air within the clearing. You cautiously step forward into the clearing as her eyes open as she gestures for you to take a seat across from her on another rock.",
                          "You accept still cautious of the woman as you sit across from her. She has yet to speak to you but the disarming nature of her elegance as a sign it is safe to sit down.",
                          "You feel your heart start to beat a bit faster within your chest as you sit and smell the cookies sitting on the plate before you. They smell sweet and almost... nostalgic in some way. As you sit and ponder this the woman across from you speaks up for the first time.",
                          "Speaks2",
                          "Tell me sir, would you like a cup of tea? Perhaps a cookie~?",
                          "Menu",
                            "Yes please!",
                            "I suppose I will take some tea, however I am watching my weight.",
                            "... No thank you I don't accept offers of food from strangers in the forest...",
                          "EndLoop"
                        ]
                    },
                    {
                      "NameOfScene":"ReturnedForTea",
                      "theScene":["ChangeBGM", "music/Forest/Elven-Sanctuary_loop.ogg",
                        "You wander back to the clearing where you had met the mysterious Hatter.",
                        "You find her once again sitting on the same rock and sipping tea. She sees you approach and gestures for you to sit on the rock across from her. You sit and see more cookies and the same teapot sitting on the tree stump table.",
                        "Speaks",
                        "So adventurer I see you have returned! What may I help you with? Would you like some tea? Or would you rather help with some riddles?",
                        "Menu",
                          "Tea please!",
                          "Lets hear a riddle.",
                          "Actually lets talk for a bit.",
                          "FIGHT ME!",
                        "EndLoop"
                      ]
                    },
                    {
                      "NameOfScene": "Yes please!",
                      "theScene":[ "The Woman's eyes flash briefly as she withdraws a second cup and saucer from beneath her hat. She takes the simple white porcelain teapot and pours a translucent dark brown semi-cloudy liquid. She fills it nearly to the brim with a slight flourish as she slides it, on a saucer across the table without a single drop spilled.",
                        "Speaks2",
                        "I hope you enjoy black tea as that is all I had prepared for today.",
                        "You take the saucer and 2 of the small cookies. The woman across from you stares at you expectantly taking a sip from her own tea.",
                        "Menu",
                          "Take a sip.",
                          "Eat one of the cookies.",
                          "Dip a cookie into the tea.",
                        "EndLoop"
                      ]
                    },
                    {
                      "NameOfScene": "I suppose I will take some tea, however I am watching my weight.",
                      "theScene":["The woman withdraws a tea cup and a small saucer from beneath her hat. She elegantly pours you a cup of tea without a second thought, filling it nearly to the brim with a translucent dark brown semi-cloudy liquid.",
                        "Speaks2",
                        "Before you have your tea I have to ask, you may be watching your weight, but what of the weight of your watch?",
                        "Menu",
                          "I just want my tea...",
                          "RequiresStat",
                          "Intelligence",
                          "20",
                          "I prefer to watch the time actually...",
                          "RequiresStat",
                          "Intelligence",
                          "35",
                          "You can't wait for your watch, you havn't got the time!",
                        "EndLoop"
                      ]
                    },
                    {
                      "NameOfScene":"I just want my tea...",
                      "theScene":["JumpToScene", "Take a sip."]
                    },
                    {
                      "NameOfScene":"You can't wait for your watch, you havn't got the time!",
                      "theScene":["Speaks2",
                        "AH! Quick witted man! You should be able to help me with a question that has vexxed me all day!",
                        "PlayerSpeaks",
                        "Of course!",
                        "JumpToScene", "Of course!"
                      ]
                    },
                    {
                      "NameOfScene":"I prefer to watch the time actually...",
                      "theScene":["Speaks2",
                        "Who doesn't these days! Always so busy~!",
                        "She claps her hands together and upon doing so a cloud of the same strange floating subtance that is spread through the clearing.",
                        "DamagePlayerFromMonster", "Hatter", "Entrancing Spores",
                        "ApplyStatusEffect",
                        "Entrancing Spores Blast",
                        "JumpToScene", "W-What?"
                      ]
                    },
                    {
                      "NameOfScene":"W-What?",
                      "theScene":["ChangeBGM", "music/Unknown/Dungeon-Cave.mp3",
                        "Speaks2",
                        "Woops! Looks like you ended up getting me excited there and made me lose control of my spores. I'm new at this you see. Well since the cat is out of the bag as it were, I am a Hatter!",
                        "JumpToScene", "A What?"
                      ]
                    },
                    {
                      "NameOfScene":"... No thank you I don't accept offers of food from strangers in the forest...",
                      "theScene":["She seems a bit crestfallen at the rejection of her tea however her air of elegance remains nonetheless.",
                        "Speaks2",
                        "Then how about a riddle that has vexed me all morning?",
                        "Menu",
                          "Of course!",
                          "Why not.",
                        "EndLoop"
                      ]
                    },
                    {
                      "NameOfScene":"Eat one of the cookies.",
                      "theScene":["You take a bite out of one of the cookies and it tastes incredible. You have no words to describe what the flavors are and you can't stop yourself from wolfing down the rest of the piece that is in your hand. The mysterious woman sees this and she takes one in her hand and dips it into her tea before taking a bite. Allowing a drop of tea to roll down her cheek maintaining eye contact with you the whole time.",
                        "StatCheck",
                          "ChangeStatCheckDifficulty", "IfFetishLevelEqualOrGreater", "Seduction", "50", "3",
                          "ChangeStatCheckDifficulty", "IfFetishLevelEqualOrGreater", "Seduction", "75", "5",
                          "ChangeStatCheckDifficulty", "IfFetishLevelEqualOrGreater", "Seduction", "100", "7",
                          "Willpower",
                          "10",
                          "CookieMenu",
                          "Fail",
                          "Dip the cookie in the tea!"
                      ]
                    },
                    {
                      "NameOfScene":"CookieMenu",
                      "theScene":["Menu",
                          "Dip the cookie in the tea!",
                          "Eat the cookie plain.",
                        "EndLoop"
                      ]
                    },
                    {
                      "NameOfScene":"Eat the cookie plain.",
                      "theScene":["You eat the final cookie without dipping it in the tea and similar to last time its incredible. You look at the elegant woman across from you who sits staring at you. You open your mouth to say something as she says,",
                        "Speaks2",
                        "Would you like to hear a question that has been vexxing me as of late?",
                        "Menu",
                          "Of course!",
                          "Why not.",
                        "EndLoop"
                      ]
                    },
                    {
                      "NameOfScene":"Of course!",
                      "theScene":["Speaks2",
                        "Wonderful! Now here is the question; I am within you, Yet I am also within others, Some need me and others do not, I am needed for life, Some cannot live without me while others can. What am I?",
                        "Menu",
                          "Water?",
                          "RequiresStat",
                          "Intelligence",
                          "50",
                          "S-Semen?",
                        "EndLoop"
                      ]
                    },
                    {
                      "NameOfScene":"Water?",
                      "theScene":["Speaks2",
                        "Water? hmmm... No that doesn't seem to fit... How about this for you? For this you need to close your eyes for me~.",
                        "You close your eyes as told by the strange woman and prepare for the question to be asked.",
                        "Speaks2",
                        "So the question goes like this. I walk on two legs in the morning, I walk on three legs in the afternoon, I walk on 4 legs at night. What am I?",
                        "You take a brief moment picturing this in your head and you can't seem to get a solid image in your mind as you suddenly get a faceful of a powder and take a deep breath in suprise.",
                        "DamagePlayerFromMonster", "Hatter", "Entrancing Spores",
                        "ApplyStatusEffect",
                        "Entrancing Spores Blast",
                        "ChangeBGM", "music/Unknown/Dungeon-Cave.mp3",
                        "Speaks2",
                        "Wait! I do know the answer to that one!",
                        "You open your eyes to the woman placing a finger below your chin to you to force you to make eye contact with her as she says,",
                        "Speaks2",
                        "A man after he has been broken by a Hatter such as myself~.",
                        "JumpToScene", "A What?"
                      ]
                    },
                    {
                      "NameOfScene":"S-Semen?",
                      "theScene": ["Your answer is the only thing you can think of for a instant as the woman sits and a smile spreads across her lips. She almost hungrily licks her lips and says,",
                        "Speaks2",
                        "That fits juuuuust right~. As a Hatter I think its time to skip the rest and time for me to take what I want.",
                        "JumpToScene", "A What?"
                      ]
                    },
                    {
                      "NameOfScene":"Why not.",
                      "theScene":["Speaks2",
                        "Wonderful! Now close your eyes, this question requires you to creat a mental image!",
                        "You aren't so sure about that one however you ablidge and close your eyes.",
                        "Speaks2",
                        "So the question goes like this. I walk on two legs in the morning, I walk on three legs in the afternoon, I walk on 4 legs at night. What am I?",
                        "You take a brief moment picturing this in your head and you can't seem to get a solid image in your mind as you suddenly get a faceful of a powder and take a deep breath in suprise.",
                        "DamagePlayerFromMonster", "Hatter", "Lecherous Kiss",
                        "ApplyStatusEffect",
                        "Entrancing Spores Blast",
                        "Speaks2",
                        "Wait! I do know the answer to that one!",
                        "You open your eyes to the woman placing a finger below your chin to you to force you to make eye contact with her as she says,",
                        "Speaks2",
                        "A man after he has been broken by a Hatter such as myself~.",
                        "JumpToScene", "A What?"
                      ]
                    },
                    {
                      "NameOfScene":"A What?",
                      "theScene":["PlayerSpeaks",
                        "A what?",
                        "Speaks",
                        "I am a {i}Hatter{/i} dear boy! A cousin of the common Matango. However I am far smarter and more efficient when it comes to milking men~.",
                        "You begin to attempt to back away in fear as you begin to process that this woman is a Monster Girl here to milk you. You begin to get up and attempt to run until she says,",
                        "JumpToScene", "Decline"
                      ]
                    },
                    {
                      "NameOfScene":"Dip the cookie in the tea!",
                      "theScene":["You take the remaining small cookie and dip it into the tea you have sitting in front of you. You hesitate for a moment as the cookie steams in your grasp however the woman reaches across the stump and lightly guides it to your lips.",
                        "You eat the cookie dipped in tea and it is {i}divine{/i}. It is the best thing you have ever tasted in your life. However one thing off sets this... The now very noticable tent in your pants and burning pleasure in your head...",
                        "The woman across the stump sensually walks over stripping herself of her pants and places them on the table. She removes her panties in a similar fashion and sits on the table and spreads her legs.",
                        "She holds her pussy open with two fingers as she stares at you as if elegantly inviting you to dig in...",
                        "StatCheck",
                          "ChangeStatCheckDifficulty", "IfFetishLevelEqualOrGreater", "Oral", "50", "2",
                          "ChangeStatCheckDifficulty", "IfFetishLevelEqualOrGreater", "Oral", "75", "4",
                          "ChangeStatCheckDifficulty", "IfFetishLevelEqualOrGreater", "Oral", "100", "5",
                          "Temptation",
                          "15",
                          "PussyMenu",
                          "Fail",
                          "Accept the Elegant Invitation..."
                      ]
                    },
                    {
                      "NameOfScene":"PussyMenu",
                      "theScene":["Menu",
                          "Accept the Elegant Invitation...",
                          "Decline.",
                        "EndLoop"
                      ]
                    },
                    {
                      "NameOfScene":"Accept the Elegant Invitation...",
                      "theScene":["The mysterious woman licks her lips as you fall to your knees before her and begin to lap at her dripping pussy. It tastes unlike any of the pussy you have eaten in the past...",
                        "The unique flavors you are tasting are impossible to describe as the more you lick the better it tastes and the more excited you get. Your throbbing cock begins to leak precum as you wrap one hand around it and start stroking.",
                        "You start to process the smell of the woman before you and she smells {i}incredible{/i}. The more you lick her honeypot the more you find yourself intoxicated by her scent alone. You begin to desperately pump your cock until you hear the woman speak up in the same elegant tone.",
                        "Speaks2",
                        "Would you like me to service you down there~?",
                        "Unable to refuse with the burning desire for release effecting you so deeply, you weakly nod your head as you feel her feet clasp your cock. You moan lightly as you then wrap both your arms around her thighs and dig in once more.",
                        "She expertly strokes your cock between her feet teasing you and driving you to take deeper and deeper laps into her pussy until she moans and fills your mouth with a powerful climax. You greedily continue to lap at her spasming pussy during her ongoing orgasm as your cock begins to throb between her feet. She lifts her feet from around your cock and begins you lightly massage your balls with her feet.",
                        "As she climax's into your mouth you feel a powerful climax rock your body as you cum onto her feet as she massages your balls.",
                        "PlayerOrgasm", "2",
                        "In the afterglow you look up at the woman who at this point has removed her pantsuit coat, blouse and bra. She grins lasciviously and says in a erotic tone,",
                        "Speaks2",
                        "So are you going to stare at me all day or are you going to fuck me~?",
                        "StatCheck",
                          "ChangeStatCheckDifficulty", "IfFetishLevelEqualOrGreater", "Seduction", "50", "4",
                          "ChangeStatCheckDifficulty", "IfFetishLevelEqualOrGreater", "Seduction", "75", "5",
                          "ChangeStatCheckDifficulty", "IfFetishLevelEqualOrGreater", "Seduction", "100", "6",
                          "ChangeStatCheckDifficulty", "IfFetishLevelEqualOrGreater", "Sex", "50", "4",
                          "ChangeStatCheckDifficulty", "IfFetishLevelEqualOrGreater", "Sex", "75", "5",
                          "ChangeStatCheckDifficulty", "IfFetishLevelEqualOrGreater", "Sex", "100", "6",
                          "Temptation",
                          "10",
                          "SexMenu",
                          "Fail",
                          "Fuck her!"
                      ]
                    },
                    {
                      "NameOfScene":"SexMenu",
                      "theScene":["Menu",
                          "Fuck her!",
                          "Decline.",
                        "EndLoop"
                      ]
                    },
                    {
                      "NameOfScene":"Decline",
                      "theScene":["Speaks",
                        "Unfortunate, then I guess I will just have to {i}take{/i} what I want.",
                        "CombatEncounter", "NoRunning",
                        "Hatter",
                        "StartCombat"
                      ]
                    },
                    {
                      "NameOfScene":"Fuck her!",
                      "theScene":["Your kneeling figure takes a moment to take in the scene before you as you process the gorgeous woman before you as she seductively runs her hands around her body. She maintans eye contact as she runs her fingers up and down her figure as if framing it for you...",
                        "She spends a few minutes continuing the seductive display and a few extra moments massaging her breasts and a moment teasingly fingering herself. She ends by shaking out her hair, leaving her hat on, as she looks down at you. She quickly goes to blow you a kiss, her doing so sets your heart a flutter.",
                        "What seems like her blowing you a kiss quickly becomes something else as she blows a large amount of a strange powder into your face and lungs.",
                        "ApplyStatusEffect",
                        "Concentrated Entrancing Spores",
                        "ChangeBGM", "music/Loss/reason.mp3",
                        "Your mind is sent reeling as for a moment you feel normal. Until the woman puts a finger beneath your chin and raises your head to look into her eyes. She sees that she now has you beneath her thumb as she drops all pretence.",
                        "Speaks2",
                        "Wow, I never expected that to work! Seriously getting an adventurer so worked up that they can be triked so easily... What? Whats wrong little breeding slave?... OH! I never told you what I am! Well I am a cousin of the Matango. I am a Hatter~.♥",
                        "Speaks",
                        "Now little slave just lay back and let me take everything I want from you~.♥",
                        "You lay back as the Hatter straddles you and inserts your cock into her dripping slit. You manage a soft moan as she proceeds to sadistically giggle watching you writhe beneath her. She relentlessly rides your cock as she sips her tea for a moment as you see her eyes widen for a moment.",
                        "You lay with your eyes open as your cock is ravished by the heavenly pussy of the Hatter. You lay motionless as she leans over and pinches your chin, opening your mouth. The words that come from her lips next echo in your head as if you were in a cave...",
                        "Speaks",
                        "Get ready my slave I am about to give you a drink~.♥",
                        "You see her produce the teapot and proceed to tip it over into your open mouth. You barely taste any of the translucent dark brown fluid. However a burning lust begins to spread through your body as you are rocked by a dry orgasm that, combined with the heavenly sheathe your sword is hilted in, becomes a full stream of unending semen.",
                        "Speaks",
                        "I can't believe I used to be such a fragile human, like you, so easily broken by aphrodisiacs that {i}weak{/i}.♥ Well at least you are the perfect breeding doll now~.♥",
                        "She stops talking as she begins to move. Her pussy feels incredible to you as the aphrodisiacs drive you wild with lust in your semi-comatose state. You feel her every fold and every crevice of her pussy rubbing up against your cock. You feel your cock lightly stretching her pussy while she rides you.",
                        "Your mind begins to lose track of time as she teasingly rides you slowly regularly denying you orgasm until she can achieve it first. You feel as though an hour of her riding you has passed as her ever tightening pussy clamps down forming perfectly to your cock as she becomes roked by a powerful orgasm.",
                        "You feel pleasure burn through every last thought you could have been having as your now wildly backed up balls unleash their first torrent in what has felt like an eternity. The Hatter releases a scream of ecstasy as you fill her.",
                        "However you do not stop cumming. The Hatter flashes a lascivious grin as she tries to triumphantly explain while trying to maintain compuser as she is continuously filled with your neverending flow of semen,",
                        "Speaks",
                        "S-silly l-li-little {i}oh my ♥goddess♥{/i} advent-turer... {i}♥s-sho full♥♥♥~{/i} I knew t-teasing you f-for sh-so long wou-would cause y-{i}♥yeeeeeeessss♥{/i} you t-to b-become incredibly backed up~♥.",
                        "Speaks",
                        "Sh-So I forced you to d-drink more of m-my tea♥. P-pushing your balls i-into O-{i}♥♥♥♥OH GODDESS YEEESSSHHHH SHOOOOOOO MUUUUUUUUUSHHH♥♥♥♥{/i}.",
                        "She loses composure while explaining and wraps her arms around your neck laying her forehead against your shoulder for leverage as she relentlessly pounds your cock deep inside her. The everflowing stream of semen you are producing is continuously emptied into her womb as she slams her hips down onto yours.",
                        "Day turns to night as you feel no signs of the everlasting orgasm stopping. She continues to ride you as you lay, still unable to move. However now you are producing a small, low, deep moan of submissive pleasure from deep within.",
                        "Night turns to day as it all begins to blur together as the Hatter reaps the fruits of her labors from your balls. Causing your endless orgasm to go exactly where she wants it. She keeps you there for what seems like days as the orgasm still has not ended.",
                        "SetSpirit", "0",
                        "Finally after a full week has passed you finally regain motion in a hand as you begin to lightly grope one of her breasts. However this turns out to be a pyrric victory for you as your semen flow seems to dry up shortly thereafter.",
                        "You begin to black out after the orgasm finally ends and you feel the Hatter retrieve her panties now soaking in your saliva. She giggles a bit and kisses you on the cheek as she whispers,",
                        "Speaks",
                        "Lets do this again sometime~.♥",
                        "...",
                        "ChangeSensitivity",
                        "Sex",
                        "20",
                        "ChangeFetish",
                        "Sex",
                        "10",
                        "GameOver"
                      ]
                    },
                    {
                      "NameOfScene":"Take a sip.",
                      "theScene":["You lift the white porcelain cup to your lips and sniff the sweet smelling translucent dark brown semi-cloudy liquid. It smells bitter sweet and quite enticing. You press the cup to your lips and take a sizeable sip filling your mouth without filling your cheecks and swallow it all at once.",
                        "ChangeBGM", "music/Loss/reason.mp3",
                        "It all hits you at once. Your cock, previously flaccid, is now fully erect and {i}hurting{/i}. Your head is swimming and your body is quivering in the strongest dry orgasm you have ever experienced. You are fully unable to resist as the woman stands from her seat and begins to strip herself of her pantsuit.",
                        "The woman drags you from your now uncomfortable seat and drags you leaning you up against a nearby tree. She takes her time stripping you and leans in giving the head of your cock a teasing lick and a small kiss. This nearly drives you over the edge as you begin to leak precum.|n|She giggles and elegantly stands before you and removes her coat, and slowly removes her blouse. She takes her sweet time as your body is wracked by the endless dry orgasm unable to pry your eyes away.",
                        "Her suit coat lays on the tree stump as she finishes undoing her blouse and places it with it. She slowly removes her shoes and socks. Her pants are something she teasingly removes as slowly as possible. Your twitching aching cock begs for release into this woman you have never seen before.",
                        "She finally removes her pants fully revealing a set of red underwear beneath. She unhooks the bra and places it on the growing pile of clothes on the table. Her ample breasts serve to make your already intese dry orgasm near to a breaking point. She stares at your cock and slowly removes her panties.",
                        "Upon doing so you see just how wet she has been this whole time as a small strand of her honey connects her sweet smelling sex to her panties. She giggles as she sees you writhing in anticipation as she takes off her panties and holds them in one hand. She sensually struts up to you, panties in and whispers into your ear,",
                        "Speaks2",
                        "Its been so long since a adventurer has willingly drank my tea~.♥ I had almost forgotten how potent an aphrodisiac it was to you humans~.♥ Would you like to know what I am? Well adventurer, would you like to know what is about to fuck you until you creampie her and fade away~?♥",
                        "Unable to speak you weakly nod still wracked by your intense orgasm as she giggles and tips her hat a bit for you to see under the brim. Much to your shock you see that its a mushroom...",
                        "Speaks",
                        "See human I am a Hatter. Much like our distsant cousin the Matango we are mushrooms~.♥ Now to use your body and your seed to satisfy and fertilize me~.♥",
                        "The Hatter has outsmarted you and as she struts up to your still quaking body she leans over panties in hand and opens your mouth. Unable to resist you go along with it as she forms her panties into a ball and places them in your mouth. You moan lightly into the makeshift gag as she giggles and blushes at the sight.",
                        "She straddles your cockhead as she briefly rubs her pussy against it, lubricating it. This serves to send you reeling as your dry orgasm suddenly becomes a full orgasm as your cock twitches and releases a thick creamy load all over your abdomen.",
                        "PlayerOrgasm", "1",
                        "A lecherous grin spreads across the face of the Hatter. She scoops all of the semen off your chest with one finger and opens her mouth, sticking out her tongue and lwedly sticks her finger in. She closes her eyes, savoring the thickness and flavor of your semen. She slowly withdraws her finger from her mouth with a lewd {i}pop{/i}.",
                        "She then opens her eyes and looks down at you now envigorated. She takes your cock and guides it directly into her pussy, slowly and teasingly pushing the head into her pussy. She begins to blush as a soft moan and a gasp escape her lips as the head of your dick enters her.",
                        "She slowly sits down on your cock until her ass touches your balls. She savors every inch before getting you to empty your balls into her tight slit. Your body, still quivering from the aphrodisiac tea refuses to move as you remain, gagged and in heaven. You feel every fold of her slick pussy.",
                        "As she reaches the base you feel her pussy spasm a bit as she bites a knuckle blushing a deep red. Her mini-orgasm brings you near to another one of your own, however the thing to send you over is the kiss the Hatter suddenly plants on you. As you release inside her fully hilted in her honeypot you feel something strange...",
                        "The Hatter opens her mouth and moans deeply into your mouth, deepning the passionate kiss. Upon opening her mouth a rush of a familar tasting fluid floods down your throat. Suddenly you injest a second helping of the tea that put you into this state. You feel your balls ache for a moment as they get heavier.",
                        "Your mind is wholly unable to handle the sudden influx of pleasure once more as you feel something within your mind break. Your eyes roll back, your head lulls to the side and your mouth absent mindendly sucking lightly on the panty gag getting all you can of her taste and smell. You are unable to move however you {i}feel{/i} everything. The Hatter looks at what she has made of you and giggles saying,",
                        "Speaks",
                        "I can't believe I used to be such a fragile human, like you, so easily broken by aphrodisiacs that {i}weak{/i}.♥ Well at least you are the perfect breeding doll now~.♥",
                        "She stops talking as she begins to move. Her pussy feels incredible to you as the aphrodisiacs drive you wild with lust in your semi-comatose state. You feel her every fold and every crevice of her pussy rubbing up against your cock. You feel your cock lightly stretching her pussy while she rides you.",
                        "Your mind begins to lose track of time as she teasingly rides you slowly regularly denying you orgasm until she can achieve it first. You feel as though an hour of her riding you has passed as her ever tightening pussy clamps down forming perfectly to your cock as she becomes roked by a powerful orgasm.",
                        "You feel pleasure burn through every last thought you could have been having as your now wildly backed up balls unleash their first torrent in what has felt like an eternity. The Hatter releases a scream of ecstasy as you fill her.",
                        "However you do not stop cumming. The Hatter flashes a lascivious grin as she tries to triumphantly explain while trying to maintain compuser as she is continuously filled with your neverending flow of semen,",
                        "Speaks",
                        "S-silly l-li-little {i}oh my ♥goddess♥{/i} advent-turer... {i}♥s-sho full♥♥♥~{/i} I knew t-teasing you f-for sh-so long wou-would cause y-{i}♥yeeeeeeessss♥{/i} you t-to b-become incredibly backed up~♥.",
                        "Speaks",
                        "Sh-So I forced you to d-drink more of m-my tea♥. P-pushing your balls i-into O-{i}♥♥♥♥OH GODDESS YEEESSSHHHH SHOOOOOOO MUUUUUUUUUSHHH♥♥♥♥{/i}.",
                        "She loses composure while explaining and wraps her arms around your neck laying her forehead against your shoulder for leverage as she relentlessly pounds your cock deep inside her. The everflowing stream of semen you are producing is continuously emptied into her womb as she slams her hips down onto yours.",
                        "Day turns to night as you feel no signs of the everlasting orgasm stopping. She continues to ride you as you lay, still unable to move. However now you are producing a small, low, deep moan of submissive pleasure from deep within.",
                        "Night turns to day as it all begins to blur together as the Hatter reaps the fruits of her labors from your balls. Causing your endless orgasm to go exactly where she wants it. She keeps you there for what seems like days as the orgasm still has not ended.",
                        "SetSpirit", "0",
                        "Finally after a full week has passed you finally regain motion in a hand as you begin to lightly grope one of her breasts. However this turns out to be a pyrric victory for you as your semen flow seems to dry up shortly thereafter.",
                        "You begin to black out after the orgasm finally ends and you feel the Hatter retrieve her panties now soaking in your saliva. She giggles a bit and kisses you on the cheek as she whispers,",
                        "Speaks",
                        "Lets do this again sometime~.♥",
                        "...",
                        "ChangeSensitivity",
                        "Sex",
                        "20",
                        "ChangeFetish",
                        "Sex",
                        "10",
                        "GameOver"
                      ]
                    },
                    {
                      "NameOfScene":"Tea please!",
                      "theScene":["place holder",
                        "GameOver"
                      ]
                    },
                    {
                      "NameOfScene":"Lets hear a riddle.",
                      "theScene":["Speaks",
                        "Perfect! I currently have been mulling over three riddles as of late. Which would you like to hear?",
                        "Menu",
                          "The First one",
                          "The Second one",
                          "The Third one",
                        "EndLoop"
                      ]
                    },
                    {
                      "NameOfScene":"The First one",
                      "theScene":["Speaks",
                        "This one has to have an answer that rhymes if I recall. It goes something like this. Three monster girls walk into a brothel in the evening, Two get fed and leave for bed at midnight. What happened to the third?",
                        "Menu",
                          "I have no clue.",
                          "RequiresStat",
                          "Intelligence",
                          "20",
                          "She had gone ahead, and was home in bed, resting her head!",
                          "RequiresStat",
                          "Intelligence",
                          "40",
                          "While the two were fed, the third went ahead, got a bed, and got bred~.♥",
                        "EndLoop"
                      ]
                    },
                    {
                      "NameOfScene":"I have no clue.",
                      "theScene":["JumpToScene", "GiveUp"]
                    },
                    {
                      "NameOfScene":"She had gone ahead, and was home in bed, resting her head!",
                      "theScene":["JumpToScene", "IncorrectAnswer"]
                    },
                    {
                      "NameOfScene":"While the two were fed, the third went ahead, got a bed, and got bred~.♥",
                      "theScene":["CORRECT! However this is incomplete and will be completed when wonerland is already in place. In the meantime please enjoy this brief description of what happens.",
                        "The Hatter is pleased that you got the answer correct and proceeds to absolutely fuck your brains out with her spores. She does this until her pussy can no longer contain your semen and you are drained dry."
                      ]
                    },
                    {
                      "NameOfScene": "The Second one",
                      "theScene":["Speaks",
                        "Two sisters who are monster girls get into a fight, Their mother steps in and takes away what started it. What started the fight?",
                        "Menu",
                          "A toy?",
                          ""
                      ]
                    },
                    {
                      "NameOfScene":"Actually lets talk a bit.",
                      "theScene":["Place Holder",
                        "GameOver"
                      ]
                    },
                    {
                      "NameOfScene": "FIGHT ME!",
                      "theScene":[""]
                    }
                ]
}
