{
    "name": "Mysterious Ticking",
    "CardType": "Quest",
    "CardLimit": "0",
    "Description": "A mysterious ticking noise has been heard throughout the Mystic Forest combined with sightings of a mysterious Bunny Girl",
    "requires": [ ""],
    "requiresEvent": [
                        {
                          "NameOfEvent": "Go see Elena at the Guild counter",
                          "Progress": "50",
                          "ChoiceNumber": "1",
                          "Choice": "Talk with Elena"
                        }
                      ],
    "Speakers": [
                  {
                    "name": "put a monster IDname here, not a name.",
                    "postName": "",
                    "SpeakerType": ""
                  }

                ],
    "EventText": [
                    {
                        "NameOfScene": "EventStart",
                        "theScene": [  "{SetTextColor}#F6BADC{Done}blank{ColorEnd} but it was {UseSetColor}pink{ColorEnd}, now it is {SetTextColor}#62a12f{Done}purple.{ColorEnd} I said {SetTextColor}#c21196{Done}purple.{ColorEnd}"

                                  ]
                    }



                ]
}
