{
    "name": "WhiteRabbitSexLossScene",
    "CardType": "",
    "CardLimit": "0",
    "Description": "",
    "requires": [ ""],
    "Speakers": [
                  {
                    "name": "The White Rabbit",
                    "postName": "",
                    "SpeakerType": ""
                  }

                ],
    "EventText": [
                    {
                        "NameOfScene": "EventStart",
                        "theScene": [  "DisplayCharacters",
				       "1",
				      "EndLoop",
				      "The White Rabbit pulls your head into her pillowy soft breasts as she places one hand on your back and one hand on the back of your head. She whispers into your ear,",
				      "Speaks",
				      "Give me everything your balls have in them and it will feel magical.♥ My sweet hero~♥.",
				      "Right after hearing this she begins to bounce up and down relentlessly on your cock as you lose yourself in the pleasure of her tight dripping pussy that only seems to grow tighter as she rides you.",
				      "Her relentless thrusts and breasts bouncing your head up and down put you into a mindless state of pleasure. No thoughts drift through your head as you feel your cock kissing the entrance her womb.",
				      "The White Rabbit pulls your head deeper into her bust and slams herself onto your cock pushing the head into contact with the enterance of her womb as you feel her entire pussy tighten and a white hot ecstacy burns its way into your mind.",
				      "Speaks",
				      "Give me your {i}virile{/i} semen my sweet hero~♥♥♥ and get me pregnant.♥",
				      "Upon hearing the whisper of The White Rabbit you release everything left within your balls directly into the enterance of her womb. Painting her insides with your all the semen you have left.",
				      "PlayerOrgasmsNoSpiritLoss",
				      "Speaks",
				      "Good boy~♥"
				      "...",
				      "ChangeSensitivity",
				      "Sex",
				      "10",
				      "ChangeSensitivity",
				      "Breasts",
				      "20",  
				      "ChangeFetish",
				      "Sex",
				      "10",
				      "ChangeFetish",
				      "Breasts",
				      "10",
				      "GameOver"
                                  ]
                    }



                ]
}
