{
    "name": "Rabbit Sightings",
    "CardType": "Event",
    "CardLimit": "1",
    "Description": "Sightings of a Strange Rabbit Girl have been popping up throughout the Mystic Forest.",
    "requires": [ ""],
    "Speakers": [
                  {
                    "name": "The White Rabbit",
                    "postName": "",
                    "SpeakerType": "Monster"
                  }

                ],
    "EventText": [
                    {
                        "NameOfScene": "EventStart",
                        "theScene": [  "ProgressEqualsOrGreater", "1", "Challenge",
					"As you wander almost aimlessly hunting for treasure through the forest when you notice a strange ticking noise that is rapidly approaching.",
          "You stop dead in your tracks as you recall the recent sightings of a strange bunny girl in the forest recently and the ticking that is also heard with those sightings as the ticking rapidly approaches and you begin to hear the crashing of foliage.",
          "As the crashing comes to a stop you hear a skid and feel some dirt get kicked up and onto your back and the backs of your legs. The ticking now appears to be coming from behind you as you turn to face this new monster girl.",
          "The woman you are now face to face with has creamy white skin and a bountilfully volumptuous bust. She appears to be holding a time piece that is ticking away in one hand and seems to be sporting some tiny wings.|n|She also appears to have two fluffy ears on the top of her head that twitch as your heart begins to race.",
					"DisplayCharacters",
					  "1",
					  "EndLoop",
					"She looks you up and down as a smile spreads across her lips as she clicks the time piece shut and adjusts her cleavage to show a bit more while licking her lips in an almost predatory manner.",
					"Speaks",
					"Well aren't you a tasty little hero! Such a... {i}virile{/i} ♥ smell from you...♥ I am already running late, but for such a sweet hero such as yourself I can live with being a little more late if it means getting to drain you~.♥♥♥",
					"She doesn't wait for a response from you as she lunges at you.",
					"CombatEncounter", "NoRunning",
					"WhiteRabbit",
					"StartCombat"
                                  ]
                    },
                    {
                      "NameOfScene": "Focused",
                      "theScene": [  "SkipPlayerAttack",
                        "As you go to distract The White Rabbit, you perform the skill as you were taught. However she remains focused... almost more focused to bend you to her will...",
                        "Speaks",
                        "Attempting such a cute ability to get away from me won't work {i}my sweet hero{/i}~."
                      ]
                    }
                ]
}
