{
    "name": "Bunnies Mating Press",
    "cost": "0",
    "costType": "ep",
    "requiredLevel": "0",
    "learningCost": "0",
    "skillType": "attack",
    "statType": "Power",
    "requiredStat": "0",
    "skillTags": [ ""],
    "fetishTags": [ ""],
    "startsStance": [""],
    "requiresStance": "None",
    "unusableIfStance": [ "Anal"],
    "requiresTargetStance": [ ""],
    "unusableIfTarget": [ "Anal", "Titfuck", "Reverse Mating Press"],
    "removesStance": ["None"],
    "requiresStatusEffect": "None",
    "requiresStatusPotency": "0",
    "unusableIfStatusEffect": [ "None"],
    "power": "35",
    "minRange": "90",
    "maxRange": "125",
    "recoil": "15",
    "targetType": "single",
    "statusEffect": "Restrain",
    "statusChance": "100",
    "statusDuration": "0",
    "statusPotency": "25",
    "statusResistedBy": "Technique",
    "statusText": "",
    "descrip": "",
    "outcome": "{TargetName}'s legs are raised above {TargetHisOrHer} head as {AttackerName} pins {TargetHimOrHer}. {AttackerHeOrShe} begins to lustfully gaze into {TargetHisOrHer} eyes.",
    "miss": "{TargetName} begins to feel {AttackerName} attempt to pin {TargetHimOrHer} as {TargetHeOrShe} shifts {TargetHisOrHer}, weight dodging the attempted pin.",
    "statusOutcome": "{TargetName} feels the pressure of {AttackerName}'s breasts pressing down on {TargetHisOrHer} chest. {TargetHisOrHer} ankles are raised above {TargetHisOrHer} head as {TargetHeOrShe} becomes unable to move under volumptuous Bunny Girl...",
    "statusMiss": "{AttackerName} is thrown off guard as {TargetName} RESISTS THE RESTRAINT.",
    "restraintStruggle": ["{TargetName} struggles against the powerful hold {AttackerName} has {TargetHimOrHer} in, while {AttackerHeOrShe} fucks {TargetHimOrHer} sensless."],
    "restraintStruggleCharmed": ["{TargetName} weakly tries to shift {TargetHisOrHer} weight to get leverage in {TargetHisOrHer} submissive position."],
    "restraintEscaped": ["|f|CallCombatEventAndScene|/|WhiteRabbitCombatEvents|/|RevMatPreEscape|n|"],
    "restraintEscapedFail": ["{TargetName} fails to pry {AttackerName}'s hands from {TargetHisOrHer} ankles as {AttackerHeOrShe} makes eye contact and says, 'You will never escape me~.♥ Because now you are my {i}toy{/i}.'"]
}
