{
    "name": "Hypnotic Cleavage",
    "cost": "0",
    "costType": "ep",
    "requiredLevel": "0",
    "learningCost": "0",
    "skillType": "attack",
    "statType": "Allure",
      "statusEffectScaling": "0",
    "requiredStat": "0",
    "skillTags": [ "Seduction"],
    "fetishTags": [ "HypnosisAddict", "Breasts"],
    "startsStance": [""],
    "requiresStance": "Any",
    "unusableIfStance": [ "Breast Smother", "Making Out"],
    "requiresTargetStance": [ "Any"],
    "unusableIfTarget": [ ""],
    "removesStance": ["None"],
    "requiresStatusEffect": "None",
    "requiresStatusPotency": "0",
    "unusableIfStatusEffect": [ "None"],
    "power": "15",
    "minRange": "90",
    "maxRange": "120",
    "recoil": "0",
      "critChance": "0",
      "critDamage": "0",
    "targetType": "single",
      "accuracy": "0",
      "initiative": "0",
    "statusEffect": "Trance",
    "statusChance": "100",
    "statusDuration": "1",
    "statusPotency": "1",
    "statusResistedBy": "Willpower",
    "statusText": "",
    "descrip": "",
    "outcome": "{AttackerName}'s volumptuous breasts sway back and forth before your eyes and the longer you stare at her breasts the more you seem to lose yourself in them. Wanting desperately to massage them...",
    "miss": "{AttackerName} sway's her breasts back and forth and mutters sweet nothings to {TargetName}, however {TargetName} looks away before losing themself into {AttackerName}'s volumptuous breasts. {AttackerName} pouts a bit seeing {AttackerHisOrHer} attempt has failed.",
    "statusOutcome": "{AttackerName}'s breasts sway back and forth and as the light dances off {AttackerHisOrHer} creamy skin you feel your submissive desire to rest your head on {AttackerHisOrHer} pillowy cleavage. In doing so surrendering yourself to {AttackerName}.",
    "statusMiss": "{TargetName} manages to overcome the entrancing display put on by {AttackerName}.",
    "restraintStruggle": [""],
    "restraintStruggleCharmed": [""],
    "restraintEscaped": [""],
    "restraintEscapedFail": [""]
}
