{
    "name": "Sensual Grind",
    "cost": "0",
    "costType": "ep",
    "requiredLevel": "0",
    "learningCost": "0",
    "skillType": "attack",
    "statType": "",
      "statusEffectScaling": "0",
    "requiredStat": "0",
    "skillTags": [ "Sex", "Seduction", "Magic"],
    "fetishTags": [ "Sex", "HypnosisAddict", "Seduction", "Magic"],
    "startsStance": [""],
    "requiresStance": "Reverse Mating Press",
    "unusableIfStance": [ "Anal", "Titfuck", "Blowjob"],
    "requiresTargetStance": [ "Any"],
    "unusableIfTarget": [ ""],
    "removesStance": ["None"],
    "requiresStatusEffect": "None",
    "requiresStatusPotency": "0",
    "unusableIfStatusEffect": ["None"],
    "power": "30",
    "minRange": "80",
    "maxRange": "100",
    "recoil": "0",
      "critChance": "0",
      "critDamage": "0",
    "targetType": "single",
      "accuracy": "150",
      "initiative": "0",
    "statusEffect": "Trance",
    "statusChance": "150",
    "statusDuration": "1",
    "statusPotency": "2",
    "statusResistedBy": "",
    "statusText": "",
    "descrip": "",
    "outcome": "The White Rabbit briefly stops her relentless ride as she makes eye contact with {TargetName}. She begins to slowly grind their hips together as her eyes begin to swirl a bit...",
    "miss": "{TargetName} manages to withstand the carnal assault!",
    "statusOutcome": "The White Rabbits eyes begin to swirl and empty every single thought out of {TargetName}'s head besides submitting to her and becoming her toy. Her sweet little toy...",
    "statusMiss": "{TargetName} withstands the assault on his mind just barely!",
    "restraintStruggle": [""],
    "restraintStruggleCharmed": [""],
    "restraintEscaped": [""],
    "restraintEscapedFail": [""]
}
