{
    "name": "Suddenly Breast Milk",
    "cost": "0",
    "costType": "ep",
    "requiredLevel": "0",
    "learningCost": "0",
    "skillType": "attack",
    "statType": "Allure",
      "statusEffectScaling": "0",
    "requiredStat": "0",
    "skillTags": [ ""],
    "fetishTags": [ ""],
    "startsStance": [""],
    "requiresStance": "Any",
    "unusableIfStance": [ ""],
    "requiresTargetStance": [ "Any"],
    "unusableIfTarget": [ ""],
    "removesStance": ["None"],
    "requiresStatusEffect": "None",
    "requiresStatusPotency": "0",
    "unusableIfStatusEffect":["None"],
    "power": "0",
    "minRange": "0",
    "maxRange": "0",
    "recoil": "0",
      "critChance": "0",
      "critDamage": "0",
    "targetType": "single",
      "accuracy": "0",
      "initiative": "0",
    "statusEffect": "Aphrodisiac",
    "statusChance": "150",
    "statusDuration": "10",
    "statusPotency": "10",
    "statusResistedBy": "Willpower",
    "statusText": "",
    "descrip": "",
    "outcome": "",
    "miss": "",
    "statusOutcome": "As {TargetName} suckles on {AttackerName}'s teat, {AttackerHeOrShe} moans as a trickle of sweet intoxicating liquid flows out, down {TargetHisOrHer} throat. The liquid causes {TargetHisOrHer} manhood to twitch with an aching need...",
    "statusMiss": "{TargetName} manages to overcome the extreme lust of injesting {AttackerName}'s breast milk.",
    "restraintStruggle": [""],
    "restraintStruggleCharmed": [""],
    "restraintEscaped": [""],
    "restraintEscapedFail": [""]
}
