{
    "name": "Electrify Member",
    "cost": "5",
    "costType": "ep",
    "requiredLevel": "0",
    "learningCost": "2500",
    "skillType": "attack",
    "statType": "Intelligence",
    "statusEffectScaling": "25",
    "requiredStat": "0",
    "skillTags": [ "Pain", "Sex", "Magic"],
    "fetishTags": [ "Pain", "Magic", "Sex"],
    "startsStance": "",
    "requiresStance": "Penetration",
    "unusableIfStance": [ ""],
    "requiresTargetStance": [ "Any"],
    "unusableIfTarget": [ ""],
    "removesStance": "None",
    "requiresStatusEffect": "None",
    "requiresStatusPotency": "0",
    "unusableIfStatusEffect": [ "None"],
    "power": "25",
    "minRange": "90",
    "maxRange": "110",
    "recoil": "0",
    "targetType": "single",
    "statusEffect": "Stun",
    "statusChance": "25",
    "statusDuration": "2",
    "statusPotency": "0",
    "statusResistedBy": "Power",
    "statusText": "",
    "descrip": "Use magic to send light electric currents across your target's body. Can stun.",
    "outcome": "{AttackerName}'s pussy tightens and sends light teasing shocks of electricity through {TargetName}'s cock.",
    "miss": "{TargetName} is able to briefly pull out while the ability is active!",
    "statusOutcome": "The magic leaves {TargetName} senselessly incoherent! {TargetName} is stunned!",
    "statusMiss": "{TargetName} is able to resist the mindnumbing pleasure of the electrified slit {TargetHeOrShe} is thrusting into.",
    "restraintStruggle": "",
    "restraintStruggleCharmed": "",
    "restraintEscaped": "",
    "restraintEscapedFail": ""
}
