{
    "name": "Elegant Invitation",
    "cost": "0",
    "costType": "ep",
    "requiredLevel": "0",
    "learningCost": "0",
    "skillType": "statusEffect",
    "statType": "Allure",
      "statusEffectScaling": "0",
    "requiredStat": "0",
    "skillTags": [ "Seduction"],
    "fetishTags": [ ""],
    "startsStance": [""],
    "requiresStance": "Any",
    "unusableIfStance": [ "Penetration"],
    "requiresTargetStance": [ "Any"],
    "unusableIfTarget": [ ""],
    "removesStance": ["None"],
    "requiresStatusEffect": "None",
    "requiresStatusPotency": "0",
    "unusableIfStatusEffect": [ "None"],
      "requiresStatusEffectSelf": "None",
      "requiresStatusPotencySelf": "0",
      "unusableIfStatusEffectSelf": [ "None"],

      "requiresPerk": [ ],
      "requiresOnePerk": [ ],
      "unusableIfPerk": [ ],
      "requiresPerkSelf": [ ],
      "requiresOnePerkSelf": [ ],
      "unusableIfPerkSelf": [ ],
    "power": "20",
    "minRange": "90",
    "maxRange": "110",
    "recoil": "0",
      "critChance": "0",
      "critDamage": "0",
    "targetType": "single",
      "accuracy": "0",
      "initiative": "0",
    "statusEffect": "",
    "statusChance": "300",
    "statusDuration": "5",
    "statusPotency": "0",
    "statusResistedBy": "",
    "statusText": "",
    "descrip": "",
    "outcome": "",
    "miss": "",
    "statusOutcome": "|f|CallCombatEventAndScene|/|HatterCombatEvents|/|ElegantInvitation",
    "statusMiss": "",
    "restraintStruggle": [""],
    "restraintStruggleCharmed": [""],
    "restraintEscaped": [""],
    "restraintEscapedFail": [""]
}
