{
    "name": "Bunnys Loving Embrace",
    "cost": "0",
    "costType": "ep",
    "requiredLevel": "0",
    "learningCost": "50",
    "skillType": "attack",
    "statType": "Core",
    "requiredStat": "0",
    "skillTags": [ "Mouth"],
    "fetishTags": [ "Kissing"],
    "startsStance": "",
    "requiresStance": "Making Out",
    "unusableIfStance": [ ""],
    "requiresTargetStance": [ "Making Out"],
    "unusableIfTarget": [ "Blowjob"],
    "removesStance": "None",
    "requiresStatusEffect": "None",
    "requiresStatusPotency": "0",
    "unusableIfStatusEffect": [ "None"],
    "power": "30",
    "minRange": "90",
    "maxRange": "110",
    "recoil": "10",
      "critChance": "20",
    "targetType": "single",
    "statusEffect": "Aphrodisiac",
    "statusChance": "150",
    "statusDuration": "10",
    "statusPotency": "20",
    "statusResistedBy": "Willpower",
    "statusText": "",
    "descrip": "Deeply kiss your opponent. Can charm them and has a high chance to crit.",
    "outcome": "{AttackerName}'s tongue invades {TargetName}'s mouth, as a trickle of aphrodisiac laced saliva begins to make its way down {TargetName}'s mouth. A burning need begins to build within {TargetHisOrHer} loins as they are forced to drink the saliva.",
    "miss": "{AttackerName} tongue invades {TargetName}'s mouth, aggressively teasing {TargetHisOrHer} mouth, but {TargetName} manages to endure the intense kiss!",
    "statusOutcome": "{TargetName}'s mind fills with lust as {AttackerName} forces more saliva down {TargetName}'s throat.",
    "statusMiss": "",
    "restraintStruggle": "",
    "restraintStruggleCharmed": "",
    "restraintEscaped": "",
    "restraintEscapedFail": ""
}
