{
    "name": "Entrancing Bounce",
    "cost": "5",
    "costType": "ep",
    "requiredLevel": "0",
    "learningCost": "0",
    "skillType": "attack",
    "statType": "Allure",
    "requiredStat": "0",
    "skillTags": [ "Seduction", "Magic"],
    "fetishTags": [ "HypnosisAddict", "Breasts"],
    "startsStance": "",
    "requiresStance": "Any",
    "unusableIfStance": [ "Breast Somother", "Making Out"],
    "requiresTargetStance": [ "Any"],
    "unusableIfTarget": [ "Titfuck"],
    "removesStance": "None",
    "requiresStatusEffect": "None",
    "requiresStatusPotency": "0",
    "unusableIfStatusEffect": [ "Restrain"],
    "power": "30",
    "minRange": "90",
    "maxRange": "110",
    "recoil": "0",
    "targetType": "single",
    "statusEffect": "Trance",
    "statusChance": "100",
    "statusDuration": "1",
    "statusPotency": "2",
    "statusResistedBy": "Willpower",
    "statusText": "",
    "descrip": "",
    "outcome": "{AttackerName} grabs the sides of {AttackerHisOrHer} bountiful breasts as {AttackerHeOrShe} shifts {AttackerHisOrHer} weight onto {AttackerHisOrHer} toes as {AttackerHeOrShe} begins to hop up and down shaking {AttackerHisOrHer} breasts. Sweat begins to fly off of {AttackerHisOrHer} breasts. All the bouncing and shaking causes {AttackerHisOrHer} nipples become exposed drawing {TargetName}'s undivided attention.",
    "miss": "{AttackerName} grabs the sides of {AttackerHisOrHer} bountiful breasts as {AttackerHeOrShe} shifts {AttackerHisOrHer} weight onto {AttackerHisOrHer} toes as {TargetName} turns at the last second looking away from the alluring sight.",
    "statusOutcome": "The bouncing of {AttackerName} causes droplets of sweat to fly through the air as light seems to hit them in a strange and mysterious way causing {TargetName}'s mind to drift and empty of thoughts even faster as the thought of submitting to {AttackerName} becomes even more enticing as your eyes become drawn to her now exposed nipple that seems to empty your mind even more...",
    "statusMiss": "",
    "restraintStruggle": "",
    "restraintStruggleCharmed": "",
    "restraintEscaped": "",
    "restraintEscapedFail": ""
}
