{
    "name": "Hypnotic Bounce",
    "cost": "5",
    "costType": "ep",
    "requiredLevel": "0",
    "learningCost": "0",
    "skillType": "attack",
    "statType": "Allure",
    "requiredStat": "0",
    "skillTags": [ "Seduction", "Magic"],
    "fetishTags": [ "HypnosisAddict", "Breasts"],
    "startsStance": "",
    "requiresStance": "Any",
    "unusableIfStance": [ "Any"],
    "requiresTargetStance": [ "Any"],
    "unusableIfTarget": [ "Titfuck"],
    "removesStance": "None",
    "requiresStatusEffect": "None",
    "requiresStatusPotency": "0",
    "unusableIfStatusEffect": [ "Restrain"],
    "power": "25",
    "minRange": "90",
    "maxRange": "110",
    "recoil": "0",
    "targetType": "single",
    "statusEffect": "Trance",
    "statusChance": "100",
    "statusDuration": "1",
    "statusPotency": "1",
    "statusResistedBy": "Willpower",
    "statusText": "",
    "descrip": "",
    "outcome": "{AttackerName} shakes and bounces {AttackerHisOrHer} volumptuous breasts infront of {TargetName}. {TargetHisOrHer} eyes are helplessly drawn to the intoxicating display. Leaving {TargetHisOrHer} mind spinning and {TargetHisOrHer} cock throbbing.",
    "miss": "{AttackerName} shakes and bounces {AttackerHisOrHer} volumptuous breasts infront of {TargetName}. But {TargetName} manages to look away from the alluring sight.",
    "statusOutcome": "{AttackerName}'s mezmerizing bust entrances and entices {TargetName} as {TargetHeOrShe} begins to feel a sudden urge to submit to {AttackerName} invade {TargetHisOrHer} mind.",
    "statusMiss": "",
    "restraintStruggle": "",
    "restraintStruggleCharmed": "",
    "restraintEscaped": "",
    "restraintEscapedFail": ""
}
